fid,Arbolado y Vegetación,Limpieza Viaria,Contaminación Sonora,Señaización       H y V,Sendas Peatonales,Obras en Construcción,Presencia de Obstáculos,Distancias Paradas TP,Actividad Comercial,Área Movilidad Motorizada,Ancho Vereda Útil,Estado de Vereda,Mobiliario Urbano,Pendientes,Movilidad Reducida,Estado Rampas,Guía no Videntes,IC,Tipo
186,1,4,1,3,2,4,4,4,4,2,4,4,3,1,2,1,1,"66,1764705882353",impar
187,1,2,1,1,2,4,4,4,0,2,1,3,2,2,2,1,1,"48,5294117647059",impar
197,1,4,1,4,2,4,1,4,4,2,4,3,3,1,2,1,1,"61,7647058823529",impar
198,3,1,1,1,2,4,1,4,0,2,4,1,2,1,2,1,1,"45,5882352941176",impar
201,1,1,1,1,2,4,4,4,0,2,4,3,2,1,2,1,1,50,impar
202,1,4,1,1,4,4,4,4,4,2,1,3,3,2,2,1,1,"61,7647058823529",impar
216,1,3,1,3,1,2,1,4,0,2,4,1,1,1,2,1,1,"42,6470588235294",impar
217,1,1,1,1,2,4,1,4,0,2,4,1,2,1,2,1,1,"42,6470588235294",impar
220,1,4,1,3,2,4,1,4,0,2,4,1,1,1,2,2,1,50,impar
221,1,3,1,4,4,4,4,4,0,2,4,3,3,1,3,1,1,"63,2352941176471",impar
225,2,4,1,3,2,4,4,4,4,2,4,1,3,1,2,1,1,"63,2352941176471",impar
230,2,2,1,1,2,4,4,4,4,2,4,1,3,1,2,1,1,"57,3529411764706",impar
231,1,3,1,1,4,4,4,4,4,2,4,3,3,1,2,2,1,"64,7058823529412",impar
232,1,4,4,1,2,2,1,4,4,2,4,3,1,1,2,1,1,"55,8823529411765",impar
233,1,1,1,3,4,4,4,4,4,2,4,3,1,1,2,1,1,"60,2941176470588",impar
234,1,4,1,1,2,4,4,4,4,2,4,3,3,3,2,1,1,"64,7058823529412",impar
236,1,4,1,3,4,4,4,4,0,2,1,4,3,1,3,4,4,"69,1176470588235",impar
240,1,2,1,1,2,4,4,4,4,2,1,1,2,1,2,1,1,50,impar
242,1,4,1,3,4,4,4,4,0,2,1,1,3,1,2,1,1,"54,4117647058823",impar
244,1,4,1,4,4,4,4,4,0,2,4,4,2,1,2,1,1,"63,2352941176471",impar
245,2,4,1,1,2,4,1,4,4,2,4,3,3,1,2,3,1,"61,7647058823529",impar
246,1,1,1,4,4,4,4,4,4,2,4,3,3,1,2,2,1,"66,1764705882353",impar
248,1,1,1,1,2,4,4,4,4,2,4,3,3,1,2,3,1,"60,2941176470588",impar
249,2,3,1,3,1,4,4,4,4,2,1,4,3,1,2,1,1,"60,2941176470588",impar
255,1,1,1,1,2,4,4,4,4,2,4,3,1,1,2,1,1,"54,4117647058823",impar
257,2,3,1,3,2,4,4,4,4,2,4,4,3,1,2,1,1,"66,1764705882353",impar
259,1,4,1,1,2,4,4,4,4,2,4,4,3,1,2,1,1,"63,2352941176471",impar
260,1,4,1,3,4,4,4,4,4,2,1,3,3,2,3,3,1,"69,1176470588235",impar
263,1,1,1,1,4,4,4,4,0,2,4,3,3,1,2,1,1,"54,4117647058823",impar
264,1,4,1,3,4,4,4,4,4,2,4,3,2,1,2,1,1,"66,1764705882353",impar
265,1,3,1,3,4,4,4,4,0,2,4,3,3,1,2,2,1,"61,7647058823529",impar
267,2,2,1,3,2,4,1,4,4,2,4,1,1,1,2,1,1,"52,9411764705882",impar
268,3,3,1,3,4,4,4,4,0,2,4,4,2,1,2,1,4,"67,6470588235294",impar
272,2,4,1,1,4,4,1,4,4,2,4,3,1,1,2,1,1,"58,8235294117647",impar
273,3,2,1,4,4,4,1,4,4,2,1,3,3,1,2,1,1,"60,2941176470588",impar
274,1,4,1,3,2,4,4,4,0,2,4,3,1,1,2,1,1,"55,8823529411765",impar
275,1,4,1,3,4,4,4,4,4,2,4,3,3,1,2,1,1,"67,6470588235294",impar
276,2,3,4,3,4,4,4,4,4,2,4,3,3,1,3,3,1,"76,4705882352941",impar
277,1,3,1,3,2,4,4,4,4,2,4,3,3,4,2,1,1,"67,6470588235294",impar
278,1,3,1,3,4,4,1,4,0,2,4,3,3,1,2,2,1,"57,3529411764706",impar
282,1,3,1,1,2,2,1,4,4,2,4,3,1,1,2,1,1,50,impar
283,1,3,1,3,4,3,1,4,0,2,4,1,1,2,2,1,1,50,impar
288,1,4,1,1,1,4,1,4,4,2,4,3,2,1,2,1,1,"54,4117647058823",impar
289,1,4,1,3,4,4,4,4,0,2,4,3,3,1,2,1,1,"61,7647058823529",impar
290,2,4,1,1,4,4,4,4,0,2,4,3,2,1,2,1,1,"58,8235294117647",impar
291,2,1,1,1,2,4,1,4,4,2,4,1,3,1,3,3,1,"55,8823529411765",impar
292,1,3,1,1,4,4,4,4,0,2,4,4,3,1,3,3,1,"63,2352941176471",impar
294,2,3,1,1,4,4,4,4,4,2,4,3,3,2,2,1,1,"66,1764705882353",impar
295,2,4,1,1,4,4,1,4,4,2,4,4,2,1,2,2,1,"63,2352941176471",impar
296,2,4,1,1,4,4,4,4,4,4,1,3,3,3,2,1,1,"67,6470588235294",impar
300,1,4,1,1,4,4,4,4,0,2,4,4,1,1,2,1,1,"57,3529411764706",impar
302,1,2,1,3,4,4,4,4,4,2,1,1,3,1,2,2,1,"58,8235294117647",impar
303,3,3,1,3,4,4,1,4,4,2,4,3,2,1,3,2,1,"66,1764705882353",impar
304,2,1,1,3,4,4,1,4,4,2,4,1,1,1,2,1,1,"54,4117647058823",impar
305,1,4,1,3,2,4,4,4,0,2,2,4,2,1,2,4,1,"60,2941176470588",impar
306,1,3,1,4,4,4,4,4,4,2,4,3,2,1,2,1,1,"66,1764705882353",impar
307,1,4,1,1,4,4,1,4,4,2,4,1,2,1,2,1,1,"55,8823529411765",impar
308,1,4,1,4,4,4,4,4,4,2,4,3,3,1,2,1,1,"69,1176470588235",impar
309,1,2,1,1,4,4,1,4,4,2,4,3,2,1,2,3,1,"58,8235294117647",impar
311,1,4,1,1,1,4,4,4,0,2,4,3,1,2,2,1,1,"52,9411764705882",impar
313,1,4,1,1,4,4,4,4,4,2,4,3,3,1,2,1,1,"64,7058823529412",impar
316,2,3,1,3,4,4,4,4,4,2,4,4,3,1,3,3,1,"73,5294117647059",impar
317,3,3,1,3,2,4,1,4,4,2,4,3,3,1,3,3,1,"66,1764705882353",impar
318,1,3,1,3,2,4,1,4,4,2,4,3,1,1,2,1,1,"55,8823529411765",impar
319,1,4,1,4,4,4,1,4,4,2,4,1,2,1,2,1,1,"60,2941176470588",impar
320,2,4,1,1,4,4,1,4,4,2,1,3,1,1,2,1,1,"54,4117647058823",impar
321,1,3,1,1,4,4,1,4,0,2,4,4,1,1,3,4,1,"57,3529411764706",impar
322,1,3,1,3,4,4,1,4,4,2,4,3,3,1,2,1,1,"61,7647058823529",impar
323,1,2,1,1,4,3,4,4,4,2,4,3,2,1,2,1,1,"58,8235294117647",impar
324,1,4,1,3,2,4,1,4,4,2,4,4,3,1,2,1,1,"61,7647058823529",impar
329,4,2,1,3,2,4,1,4,4,2,4,3,3,1,2,1,1,"61,7647058823529",impar
330,3,4,1,3,1,4,4,4,4,2,4,3,3,3,2,3,1,"72,0588235294118",impar
331,1,2,1,3,4,4,1,4,4,2,4,1,2,1,2,1,1,"55,8823529411765",impar
332,1,4,1,3,4,4,4,4,4,2,4,3,3,1,2,2,1,"69,1176470588235",impar
333,1,4,1,1,4,4,4,4,0,2,4,3,3,1,3,4,1,"64,7058823529412",impar
336,1,4,1,1,4,4,4,4,0,2,4,3,1,1,2,1,1,"55,8823529411765",impar
337,1,4,4,3,4,4,4,4,4,2,1,3,3,1,2,1,1,"67,6470588235294",impar
338,1,3,1,3,2,4,1,4,4,2,4,4,4,1,2,1,1,"61,7647058823529",impar
339,1,4,1,3,2,4,4,4,4,2,4,4,3,1,2,1,1,"66,1764705882353",impar
340,1,1,1,3,4,4,4,4,0,2,4,3,1,1,2,1,1,"54,4117647058823",impar
342,1,4,1,1,2,4,4,4,4,2,4,3,3,1,2,1,1,"61,7647058823529",impar
343,2,3,1,4,4,4,4,4,4,2,4,3,3,1,2,1,1,"69,1176470588235",impar
346,1,4,1,1,2,4,1,4,4,2,4,4,3,1,2,1,1,"58,8235294117647",impar
347,1,4,1,3,2,4,4,4,4,2,4,4,3,1,2,1,1,"66,1764705882353",impar
348,1,4,1,1,2,4,4,4,4,2,4,1,2,1,2,1,1,"57,3529411764706",impar
350,1,4,1,3,4,4,4,4,4,2,4,3,3,1,2,2,1,"69,1176470588235",impar
352,2,3,1,1,4,4,1,4,4,2,4,1,3,1,2,2,1,"58,8235294117647",impar
355,2,1,1,4,2,4,4,4,4,2,4,3,2,4,2,1,1,"66,1764705882353",impar
357,1,3,1,3,4,4,1,4,0,2,4,3,1,1,2,1,1,"52,9411764705882",impar
358,1,4,1,3,4,4,1,4,4,2,4,4,3,1,3,1,1,"66,1764705882353",impar
359,1,4,1,4,4,4,4,4,4,2,4,3,1,1,2,4,1,"70,5882352941177",impar
360,3,4,1,3,4,4,4,4,4,2,4,3,3,1,3,3,1,75,impar
361,1,4,1,1,4,4,4,4,0,2,4,3,4,1,2,1,1,"60,2941176470588",impar
365,1,3,1,3,4,4,1,4,4,2,4,3,3,1,3,3,1,"66,1764705882353",impar
366,1,4,1,1,4,4,1,4,4,2,4,1,1,1,2,1,1,"54,4117647058823",impar
367,1,4,1,3,4,4,4,4,4,2,4,3,1,1,4,3,1,"70,5882352941177",impar
368,1,4,1,1,4,4,4,4,0,2,4,3,2,1,2,3,1,"60,2941176470588",impar
370,1,3,1,3,4,4,4,4,4,2,4,4,3,2,3,3,1,"73,5294117647059",impar
371,2,3,1,3,4,4,4,4,4,2,4,3,2,1,2,1,1,"66,1764705882353",impar
372,3,4,1,1,4,4,4,4,4,2,4,3,3,1,3,2,1,"70,5882352941177",impar
377,3,1,1,4,4,4,1,4,0,2,4,1,1,1,3,4,1,"57,3529411764706",impar
378,1,3,1,3,4,4,4,4,4,2,4,1,2,1,2,1,1,"61,7647058823529",impar
379,1,4,1,1,4,4,4,4,0,2,4,3,3,1,2,1,1,"58,8235294117647",impar
380,1,4,1,1,2,4,1,4,4,2,4,3,1,1,2,1,1,"54,4117647058823",impar
382,1,2,1,3,2,4,4,4,4,2,4,4,2,1,3,4,1,"67,6470588235294",impar
383,1,2,1,3,1,4,1,4,0,2,4,1,2,1,2,1,1,"45,5882352941176",impar
384,1,3,1,3,2,4,4,4,4,2,4,3,3,1,2,1,1,"63,2352941176471",impar
385,2,3,1,1,2,4,1,4,4,2,1,3,2,1,2,1,1,"51,4705882352941",impar
386,1,4,1,3,2,4,4,4,4,2,1,1,3,1,3,4,1,"63,2352941176471",impar
387,1,4,1,3,4,2,1,4,4,2,4,3,2,1,2,2,1,"60,2941176470588",impar
388,2,4,1,3,4,4,4,4,4,2,4,4,3,1,3,2,1,"73,5294117647059",impar
389,1,3,1,3,2,4,1,4,4,2,4,3,1,1,3,1,1,"57,3529411764706",impar
390,1,3,1,1,2,4,4,4,4,2,4,3,3,1,2,1,1,"60,2941176470588",impar
391,1,3,1,3,4,4,4,4,4,2,4,3,3,1,3,4,1,"72,0588235294118",impar
392,1,4,1,1,4,4,4,4,0,2,4,4,3,1,2,1,1,"60,2941176470588",impar
393,1,3,1,3,4,4,1,4,4,2,1,1,1,1,3,2,1,"54,4117647058823",impar
394,1,4,1,1,4,4,4,4,4,2,4,1,3,1,3,4,1,"67,6470588235294",impar
395,2,2,1,3,4,4,4,4,4,2,4,3,3,1,2,2,1,"67,6470588235294",impar
396,1,3,1,4,4,4,1,4,4,2,4,1,2,1,2,1,1,"58,8235294117647",impar
398,1,3,1,1,4,4,4,4,4,2,4,3,2,1,2,1,1,"61,7647058823529",impar
399,1,2,1,3,4,4,4,4,4,2,4,3,2,1,2,1,1,"63,2352941176471",impar
400,1,3,1,1,4,4,4,4,4,2,4,3,3,1,3,2,1,"66,1764705882353",impar
401,3,4,1,3,4,4,4,4,4,2,4,4,3,1,2,1,1,"72,0588235294118",impar
404,1,3,1,3,4,4,4,4,4,2,4,1,1,1,2,1,1,"60,2941176470588",impar
405,1,4,1,1,4,4,4,4,4,2,4,3,3,1,2,1,1,"64,7058823529412",impar
408,1,3,1,1,4,4,1,4,4,2,4,3,1,2,2,4,1,"61,7647058823529",impar
409,1,3,1,3,4,4,4,4,4,2,4,3,3,1,3,4,1,"72,0588235294118",impar
410,1,4,1,1,4,4,4,4,0,2,4,3,3,1,2,1,1,"58,8235294117647",impar
412,1,4,1,1,4,4,4,4,4,2,4,4,1,3,3,4,1,"72,0588235294118",impar
413,1,3,1,3,2,4,1,4,4,2,4,1,1,1,2,1,1,"52,9411764705882",impar
416,3,3,1,1,4,4,1,4,4,2,4,3,3,1,2,1,1,"61,7647058823529",impar
418,1,3,1,1,4,4,4,4,4,2,4,3,3,1,2,1,1,"63,2352941176471",impar
419,2,3,1,3,4,4,4,4,4,2,4,3,3,1,2,2,1,"69,1176470588235",impar
420,4,4,1,4,4,4,4,4,0,2,1,4,3,1,3,3,1,"69,1176470588235",impar
421,1,4,1,3,4,4,4,4,0,2,4,3,1,1,2,1,1,"58,8235294117647",impar
422,1,3,1,3,4,4,4,4,4,2,4,3,3,1,2,1,1,"66,1764705882353",impar
423,1,1,1,3,4,4,1,4,4,2,4,1,3,1,2,1,1,"55,8823529411765",impar
424,2,4,1,3,2,4,4,4,4,2,4,3,3,1,2,1,1,"66,1764705882353",impar
425,1,4,1,1,4,4,4,4,4,4,4,3,3,4,3,4,1,"77,9411764705882",impar
429,1,4,1,1,1,4,1,4,4,2,4,1,1,2,2,1,1,"51,4705882352941",impar
430,1,3,1,3,2,4,4,4,4,2,4,3,2,3,2,1,1,"64,7058823529412",impar
432,2,3,1,3,4,4,1,4,4,2,1,3,3,1,2,2,1,"60,2941176470588",impar
433,1,3,1,3,2,4,4,4,4,2,4,3,3,1,2,1,1,"63,2352941176471",impar
434,3,3,1,1,2,4,4,4,4,2,4,3,3,1,2,1,1,"63,2352941176471",impar
435,1,3,1,1,4,4,4,4,0,2,4,1,3,1,2,1,1,"54,4117647058823",impar
436,1,4,1,3,2,4,4,4,4,2,4,4,3,1,2,1,1,"66,1764705882353",impar
437,3,3,1,1,2,4,4,4,4,2,4,3,2,1,2,2,1,"63,2352941176471",impar
438,1,4,1,1,4,4,4,4,4,2,4,4,3,1,2,1,4,"70,5882352941177",impar
439,1,4,1,1,4,4,4,4,4,2,4,3,3,1,2,1,1,"64,7058823529412",impar
440,1,2,1,1,4,4,1,4,4,2,4,1,3,1,2,1,1,"54,4117647058823",impar
441,1,3,1,3,4,4,4,4,4,2,1,3,1,1,3,2,1,"61,7647058823529",impar
442,1,4,1,3,2,4,1,4,4,2,4,1,3,1,2,1,1,"57,3529411764706",impar
444,1,4,1,3,1,4,4,4,4,2,4,3,3,1,2,1,1,"63,2352941176471",impar
446,1,4,1,3,2,4,4,4,4,2,4,4,2,1,2,1,1,"64,7058823529412",impar
448,1,3,1,3,4,4,1,4,4,2,4,1,1,1,2,1,1,"55,8823529411765",impar
449,1,2,1,1,4,4,1,4,4,2,4,1,3,1,2,1,1,"54,4117647058823",impar
450,1,2,1,3,4,4,1,4,4,2,4,3,1,1,2,4,1,"61,7647058823529",impar
451,1,2,1,4,4,4,1,4,4,2,4,3,3,2,2,1,1,"63,2352941176471",impar
452,1,3,1,1,2,4,4,4,4,2,4,3,2,3,2,1,1,"61,7647058823529",impar
454,1,3,1,1,2,4,4,4,4,2,4,3,2,1,2,1,1,"58,8235294117647",impar
459,2,3,1,3,1,4,4,4,4,2,4,3,3,1,2,1,1,"63,2352941176471",impar
460,1,4,1,3,1,4,4,4,4,2,4,3,3,1,2,1,1,"63,2352941176471",impar
461,1,1,1,1,4,4,1,4,4,2,4,1,3,1,2,2,1,"54,4117647058823",impar
462,1,1,1,1,4,4,4,4,4,2,1,3,2,1,2,1,1,"54,4117647058823",impar
463,1,4,1,1,4,4,4,4,4,2,4,3,1,1,2,1,1,"61,7647058823529",impar
464,1,1,1,1,2,4,1,4,4,2,4,1,3,1,2,1,1,50,impar
465,1,1,1,4,4,4,1,4,4,2,4,1,3,1,2,1,1,"57,3529411764706",impar
466,1,4,1,3,2,4,4,4,0,2,4,3,1,1,2,1,1,"55,8823529411765",impar
469,1,4,1,1,4,4,1,4,4,2,4,3,3,1,2,1,1,"60,2941176470588",impar
472,1,1,1,1,2,4,1,4,4,2,4,1,3,1,1,1,1,"48,5294117647059",impar
473,1,2,1,3,4,4,1,4,4,2,4,1,1,1,2,1,1,"54,4117647058823",impar
474,1,4,1,3,4,4,4,4,4,2,4,3,1,2,3,2,1,"69,1176470588235",impar
475,2,3,1,3,4,4,4,4,4,2,4,4,3,1,2,1,1,"69,1176470588235",impar
477,1,3,1,1,2,4,4,4,4,4,1,4,1,1,2,1,1,"57,3529411764706",impar
478,1,4,1,1,4,4,4,4,4,2,4,3,1,1,3,1,1,"63,2352941176471",impar
479,1,3,1,1,2,4,4,4,4,2,4,3,3,1,2,2,1,"61,7647058823529",impar
480,1,1,1,3,4,4,1,4,4,2,4,3,2,3,3,1,1,"61,7647058823529",impar
481,1,3,1,3,2,2,1,4,4,2,4,3,3,1,2,1,1,"55,8823529411765",impar
484,1,2,1,3,4,4,4,4,4,2,4,3,1,2,2,1,1,"63,2352941176471",impar
485,1,4,1,1,2,4,4,4,4,2,4,4,2,1,2,1,1,"61,7647058823529",impar
487,1,2,1,1,4,4,1,4,4,2,4,3,2,1,2,1,1,"55,8823529411765",impar
488,4,4,1,1,4,4,4,4,4,2,4,4,3,1,2,1,1,"70,5882352941177",impar
489,1,3,1,1,2,4,4,4,4,2,4,3,3,1,2,1,1,"60,2941176470588",impar
490,1,3,1,1,4,4,1,4,4,2,4,3,2,1,2,1,1,"57,3529411764706",impar
491,1,2,1,3,4,4,1,4,4,2,4,1,3,1,2,1,1,"57,3529411764706",impar
492,1,4,1,1,4,4,4,4,4,2,4,3,1,1,4,2,1,"66,1764705882353",impar
497,1,3,1,1,2,4,1,4,0,2,4,3,2,2,2,1,1,50,impar
501,1,4,1,1,2,4,1,4,4,2,4,4,2,1,2,1,1,"57,3529411764706",impar
503,2,4,1,3,2,4,4,4,0,2,4,3,3,1,2,1,1,"60,2941176470588",impar
504,1,3,1,3,4,3,1,4,4,2,4,3,2,1,2,1,1,"58,8235294117647",impar
505,2,3,1,4,2,4,4,4,0,2,2,4,3,1,2,1,1,"58,8235294117647",impar
506,3,3,1,4,4,4,4,4,4,2,4,3,3,1,3,3,1,75,impar
507,1,3,1,1,4,4,1,4,4,2,4,3,1,1,2,1,1,"55,8823529411765",impar
508,1,4,1,3,4,4,1,4,4,2,4,3,1,1,2,1,1,"60,2941176470588",impar
509,1,3,1,3,2,4,4,4,4,2,4,3,3,1,2,1,1,"63,2352941176471",impar
510,1,1,1,3,4,4,4,4,4,2,4,4,3,3,2,1,1,"67,6470588235294",impar
513,1,2,1,1,4,4,4,4,4,2,4,3,2,2,2,1,1,"61,7647058823529",impar
514,3,4,1,1,4,4,4,4,4,2,4,4,3,1,3,2,1,"72,0588235294118",impar
515,1,4,1,3,2,4,4,4,4,2,4,3,3,1,2,1,1,"64,7058823529412",impar
517,2,2,1,3,2,4,1,4,4,2,4,3,3,1,2,1,1,"58,8235294117647",impar
518,1,4,1,3,4,4,1,4,4,2,4,3,2,4,2,1,4,"70,5882352941177",impar
519,1,4,1,3,2,4,4,4,4,2,4,4,2,1,2,1,1,"64,7058823529412",impar
520,1,2,1,4,4,4,4,4,4,2,4,3,3,3,2,1,1,"69,1176470588235",impar
525,1,3,1,3,4,4,4,4,4,2,4,3,1,1,2,1,1,"63,2352941176471",impar
529,1,4,1,4,2,4,4,4,4,2,4,3,2,1,2,1,1,"64,7058823529412",impar
530,3,3,1,4,4,4,4,4,4,2,4,3,3,1,2,1,1,"70,5882352941177",impar
531,1,4,1,4,2,4,1,4,4,2,1,1,1,1,2,1,1,"51,4705882352941",impar
533,1,2,1,3,4,3,1,4,4,2,4,3,3,1,2,1,1,"58,8235294117647",impar
537,1,4,1,3,2,1,1,4,4,2,4,3,2,1,2,1,1,"54,4117647058823",impar
541,2,1,1,4,4,2,1,4,4,2,1,3,3,1,2,1,1,"54,4117647058823",impar
542,1,4,1,3,4,4,4,4,4,2,4,4,3,1,3,3,1,"73,5294117647059",impar
543,1,2,1,1,2,4,1,4,4,2,4,3,3,1,2,1,1,"54,4117647058823",impar
546,1,4,1,1,2,4,4,4,0,2,4,3,3,1,2,4,1,"60,2941176470588",impar
547,1,4,1,3,2,4,1,4,4,2,4,3,2,4,2,1,1,"63,2352941176471",impar
552,1,4,1,3,4,4,1,4,0,2,1,3,2,1,3,1,1,"52,9411764705882",impar
553,1,4,1,3,4,4,4,4,4,2,4,3,3,1,2,1,1,"67,6470588235294",impar
554,1,4,1,4,4,4,4,4,4,2,4,3,2,1,2,1,1,"67,6470588235294",impar
555,1,1,1,1,2,4,1,4,4,2,4,3,3,2,2,1,1,"54,4117647058823",impar
558,1,4,1,3,2,4,4,4,4,2,4,4,4,1,2,1,1,"67,6470588235294",impar
563,2,2,1,1,2,4,1,4,4,2,4,3,3,1,2,1,1,"55,8823529411765",impar
566,3,3,1,3,2,4,1,4,4,2,1,3,3,1,2,1,1,"57,3529411764706",impar
567,1,3,1,3,4,4,1,4,4,2,4,3,3,1,3,1,1,"63,2352941176471",impar
568,1,4,1,1,4,4,4,4,4,2,4,3,2,1,2,1,1,"63,2352941176471",impar
569,1,4,1,1,2,4,4,4,4,2,4,3,2,1,2,1,1,"60,2941176470588",impar
570,3,4,1,3,1,4,1,4,4,2,4,3,3,1,2,1,1,"61,7647058823529",impar
572,1,4,1,1,2,4,4,4,0,2,1,4,2,3,2,1,1,"54,4117647058823",impar
573,1,3,1,1,2,4,1,4,4,2,4,3,1,1,2,1,1,"52,9411764705882",impar
579,1,3,1,1,1,4,4,4,4,2,4,3,2,1,2,1,1,"57,3529411764706",impar
582,3,3,1,4,4,4,4,4,4,2,4,4,4,1,2,1,1,"73,5294117647059",impar
586,1,3,1,3,2,4,4,4,0,2,4,1,3,1,2,1,1,"54,4117647058823",impar
588,2,3,1,1,2,4,4,4,4,2,1,4,4,1,2,1,1,"60,2941176470588",impar
590,1,4,1,3,4,4,4,4,4,2,4,3,2,2,3,1,1,"69,1176470588235",impar
591,1,3,1,3,4,4,4,4,4,2,4,4,2,1,2,4,1,"70,5882352941177",impar
592,1,4,1,1,1,4,4,4,4,2,4,3,2,1,2,1,4,"63,2352941176471",impar
594,1,2,1,3,4,4,1,4,4,2,4,3,3,1,2,1,1,"60,2941176470588",impar
595,1,3,1,3,2,4,1,4,4,2,4,3,3,1,3,1,1,"60,2941176470588",impar
597,2,2,1,3,4,4,4,4,4,2,2,3,3,1,2,1,1,"63,2352941176471",impar
598,1,2,1,1,4,4,4,4,4,2,4,3,2,4,2,1,1,"64,7058823529412",impar
600,1,3,1,1,2,4,4,4,4,2,4,3,3,4,3,2,1,"67,6470588235294",impar
603,1,4,1,1,4,4,4,4,0,2,4,3,3,1,2,1,1,"58,8235294117647",impar
604,1,1,1,3,4,4,4,4,4,2,1,3,3,2,2,1,1,"60,2941176470588",impar
605,1,4,1,1,2,4,4,4,4,2,4,4,3,1,2,1,1,"63,2352941176471",impar
607,2,2,1,4,4,4,1,4,4,2,2,3,2,1,2,1,1,"58,8235294117647",impar
608,1,2,1,1,2,4,1,4,4,2,4,1,3,1,3,2,1,"54,4117647058823",impar
609,1,4,1,3,1,4,4,4,0,2,4,3,3,1,2,3,1,"60,2941176470588",impar
610,1,3,1,4,1,4,1,4,4,2,4,1,1,1,2,1,1,"52,9411764705882",impar
613,1,1,1,1,1,4,1,4,0,2,4,1,1,1,2,1,1,"39,7058823529412",impar
616,1,3,1,1,1,4,1,4,4,2,4,1,1,1,2,1,1,"48,5294117647059",impar
618,1,3,1,3,4,4,1,4,4,2,4,3,2,1,2,1,1,"60,2941176470588",impar
620,2,2,1,3,2,4,1,4,4,2,4,3,3,1,2,1,1,"58,8235294117647",impar
621,1,3,1,3,4,4,4,4,4,2,1,3,3,1,2,1,1,"61,7647058823529",impar
622,1,4,1,1,4,4,1,4,4,2,4,3,3,1,2,1,1,"60,2941176470588",impar
624,2,3,1,3,1,4,1,4,4,2,4,3,2,1,2,1,1,"57,3529411764706",impar
627,2,2,1,3,4,4,1,4,4,2,4,1,3,1,2,2,1,"60,2941176470588",impar
632,1,2,1,3,2,4,4,4,4,2,4,3,2,1,2,1,1,"60,2941176470588",impar
633,2,3,1,4,2,2,4,4,4,2,4,3,3,1,2,1,1,"63,2352941176471",impar
638,1,4,1,1,4,4,1,4,4,2,4,3,2,1,2,1,1,"58,8235294117647",impar
640,1,1,1,1,1,4,1,4,0,2,4,1,2,1,2,1,1,"41,1764705882353",impar
643,1,4,1,1,1,1,1,4,4,2,4,3,3,1,2,2,1,"52,9411764705882",impar
644,1,3,4,4,4,4,4,4,4,2,4,4,3,1,2,1,1,"73,5294117647059",impar
645,1,4,1,1,4,4,4,4,4,2,4,3,3,1,2,2,1,"66,1764705882353",impar
646,1,2,1,3,4,4,1,4,4,2,4,1,3,1,2,1,1,"57,3529411764706",impar
647,1,1,1,3,2,4,4,4,0,2,4,1,2,1,2,1,1,50,impar
648,1,3,1,1,1,4,4,4,0,2,4,3,1,1,2,1,1,50,impar
649,1,2,1,1,2,4,4,4,4,2,1,3,2,1,2,1,1,"52,9411764705882",impar
650,1,4,1,3,2,4,4,4,4,2,4,3,3,1,2,1,1,"64,7058823529412",impar
652,1,2,1,4,4,4,1,4,4,2,4,1,3,1,2,1,1,"58,8235294117647",impar
653,1,3,1,1,4,4,4,4,0,2,4,4,2,1,3,4,1,"63,2352941176471",impar
654,1,3,1,1,4,4,1,4,0,2,4,3,1,1,2,1,1,50,impar
655,1,3,1,4,2,4,4,4,4,2,4,4,4,1,2,1,1,"67,6470588235294",impar
657,1,4,1,1,4,4,1,4,4,2,4,3,3,1,2,1,1,"60,2941176470588",impar
658,1,2,1,1,2,4,4,4,0,2,4,3,2,1,2,1,1,"51,4705882352941",impar
660,1,4,1,1,4,4,1,4,4,2,4,4,2,1,2,3,1,"63,2352941176471",impar
663,4,2,1,1,1,4,4,4,0,2,4,4,2,1,2,1,1,"55,8823529411765",impar
664,2,3,1,1,1,4,4,4,4,2,4,1,3,1,2,1,1,"57,3529411764706",impar
668,2,2,1,3,4,4,1,4,4,2,4,3,3,1,2,2,1,"63,2352941176471",impar
669,1,3,1,4,2,4,4,4,4,2,4,3,3,1,2,1,1,"64,7058823529412",impar
670,1,3,1,1,4,4,1,4,4,2,4,3,3,1,2,1,1,"58,8235294117647",impar
671,1,4,1,1,2,4,4,4,4,2,4,4,3,1,2,1,1,"63,2352941176471",impar
672,1,4,1,3,4,4,4,4,4,2,1,3,2,1,2,2,1,"63,2352941176471",impar
673,1,4,1,3,2,4,4,4,4,2,4,1,2,1,2,1,1,"60,2941176470588",impar
674,1,3,4,1,4,4,4,4,4,2,4,3,3,1,3,2,1,"70,5882352941177",impar
675,4,4,1,1,2,4,1,4,4,2,4,3,3,1,2,1,1,"61,7647058823529",impar
676,1,2,1,1,4,4,1,4,4,2,4,3,2,1,2,1,1,"55,8823529411765",impar
683,1,4,1,1,2,4,4,4,0,2,4,3,3,1,2,1,1,"55,8823529411765",impar
684,1,1,1,3,2,4,4,4,0,2,4,1,2,1,2,1,1,50,impar
685,1,4,1,1,4,4,4,4,4,2,4,4,3,1,3,2,1,"69,1176470588235",impar
691,1,4,1,1,1,4,1,4,4,2,4,3,3,1,2,1,1,"55,8823529411765",impar
692,1,3,1,1,4,4,4,4,4,2,4,4,3,4,2,1,1,"69,1176470588235",impar
693,2,4,1,1,4,4,4,4,4,2,4,3,3,4,2,1,1,"70,5882352941177",impar
694,1,4,1,3,4,2,4,4,4,2,4,3,3,1,3,2,1,"67,6470588235294",impar
696,3,4,1,3,2,1,1,4,4,2,1,4,2,1,2,1,4,"58,8235294117647",impar
699,1,3,1,3,4,4,1,4,4,2,4,3,3,1,2,1,1,"61,7647058823529",impar
700,2,4,1,4,4,4,4,4,4,2,4,3,4,1,3,2,1,75,impar
702,1,3,1,3,2,4,4,4,4,2,1,4,1,1,2,1,1,"57,3529411764706",impar
703,1,4,1,3,2,4,1,4,4,2,4,3,1,1,2,1,1,"57,3529411764706",impar
704,1,2,1,3,4,4,1,4,4,2,4,3,3,1,3,2,1,"63,2352941176471",impar
705,1,3,4,1,4,4,4,4,4,2,4,3,2,1,2,1,1,"66,1764705882353",impar
707,1,3,1,1,4,4,4,4,4,2,4,3,3,1,2,1,1,"63,2352941176471",impar
710,1,3,4,3,4,2,4,4,4,2,4,3,1,1,2,1,1,"64,7058823529412",impar
711,2,4,1,3,4,4,4,4,4,2,4,3,3,1,2,1,1,"69,1176470588235",impar
718,1,3,1,3,4,4,1,4,4,2,4,3,1,1,3,2,1,"61,7647058823529",impar
719,1,4,1,1,2,4,4,4,4,2,4,3,1,1,2,2,1,"60,2941176470588",impar
720,1,2,1,1,4,4,4,4,4,2,4,3,2,1,2,1,1,"60,2941176470588",impar
721,1,3,1,3,2,4,1,4,0,2,1,3,2,1,2,1,1,"47,0588235294118",impar
722,1,3,1,3,2,4,1,4,4,2,4,3,2,1,3,2,1,"60,2941176470588",impar
726,2,4,1,4,4,4,4,4,4,2,4,4,3,1,2,1,1,"72,0588235294118",impar
733,1,4,1,1,1,4,4,4,4,2,4,4,3,1,2,2,4,"67,6470588235294",impar
734,1,3,1,3,4,4,1,4,4,2,4,3,3,1,2,2,4,"67,6470588235294",impar
735,1,4,1,1,4,4,4,4,4,2,4,4,4,1,2,2,1,"69,1176470588235",impar
739,1,3,1,3,4,4,4,4,4,2,4,3,3,1,3,1,1,"67,6470588235294",impar
740,1,3,1,3,2,4,1,4,4,2,4,3,2,1,2,1,1,"57,3529411764706",impar
741,1,4,1,1,2,2,1,4,4,2,4,3,3,1,2,1,4,"58,8235294117647",impar
742,1,4,1,1,1,4,1,4,4,2,4,3,2,1,2,1,1,"54,4117647058823",impar
747,1,3,1,1,1,4,4,4,4,2,4,3,2,1,2,1,1,"57,3529411764706",impar
750,1,2,1,1,1,4,4,4,4,2,4,3,2,1,2,1,1,"55,8823529411765",impar
752,1,2,1,1,1,4,1,4,4,2,4,3,1,1,2,1,1,50,impar
753,1,4,1,1,2,4,1,4,4,2,4,3,3,1,2,3,1,"60,2941176470588",impar
754,1,4,1,3,4,4,4,4,4,2,4,4,3,1,2,1,1,"69,1176470588235",impar
756,1,4,1,1,1,4,4,4,4,2,4,3,1,1,2,1,1,"57,3529411764706",impar
759,1,2,1,4,4,4,1,4,4,2,4,3,3,1,2,1,1,"61,7647058823529",impar
760,1,2,1,3,4,4,4,4,4,2,4,3,2,1,2,1,1,"63,2352941176471",impar
763,1,3,1,1,1,4,1,4,4,2,4,1,2,1,2,1,1,50,impar
764,2,4,1,4,4,4,4,4,4,2,4,3,3,1,2,1,1,"70,5882352941177",impar
766,1,3,1,4,1,4,1,4,4,2,1,3,3,1,2,2,4,"60,2941176470588",impar
772,1,2,1,3,1,4,1,4,0,2,4,3,3,1,2,1,1,50,impar
774,3,3,1,4,4,4,4,4,4,2,4,4,3,1,2,1,1,"72,0588235294118",impar
775,1,4,4,4,1,4,4,4,4,2,4,3,1,1,2,1,1,"66,1764705882353",impar
781,1,3,4,4,1,4,4,4,4,2,4,3,2,1,2,1,1,"66,1764705882353",impar
783,1,4,1,1,2,4,4,4,4,2,4,3,2,1,2,1,1,"60,2941176470588",impar
785,1,3,1,1,4,4,1,4,4,2,4,3,1,1,2,1,1,"55,8823529411765",impar
786,1,3,1,1,4,4,1,4,4,2,4,3,2,1,2,1,1,"57,3529411764706",impar
790,1,3,1,3,1,4,1,4,4,2,4,3,3,1,2,1,1,"57,3529411764706",impar
792,1,2,1,4,4,4,1,4,4,2,4,3,1,1,2,1,1,"58,8235294117647",impar
795,1,4,1,1,4,4,4,4,4,2,4,4,2,1,2,2,4,"70,5882352941177",impar
800,1,3,1,3,2,2,1,4,4,2,4,3,3,3,2,2,4,"64,7058823529412",impar
801,2,4,1,3,4,4,4,4,4,2,4,3,3,1,3,2,1,"72,0588235294118",impar
804,1,4,1,3,4,4,4,4,4,2,4,1,3,1,2,1,1,"64,7058823529412",impar
806,1,4,1,1,2,4,4,4,4,2,4,4,2,1,2,2,1,"63,2352941176471",impar
809,1,3,1,1,4,4,1,4,4,2,4,3,3,1,2,1,1,"58,8235294117647",impar
810,1,2,1,1,2,4,1,4,4,2,1,3,2,1,2,1,1,"48,5294117647059",impar
820,1,4,1,4,2,4,4,4,4,2,4,3,3,1,2,1,1,"66,1764705882353",impar
821,1,4,1,3,1,4,4,4,4,2,4,3,3,1,2,1,1,"63,2352941176471",impar
822,3,3,1,3,4,4,4,4,4,2,4,4,3,1,2,4,1,75,impar
823,1,3,1,1,4,4,4,4,0,2,4,3,3,1,2,1,1,"57,3529411764706",impar
832,2,4,1,3,4,2,4,4,4,2,4,3,3,1,2,1,1,"66,1764705882353",impar
839,2,4,1,3,4,4,4,4,4,2,4,4,4,1,2,2,1,"73,5294117647059",impar
840,1,2,1,1,4,4,1,4,4,2,4,1,2,1,2,1,1,"52,9411764705882",impar
851,2,3,1,3,2,1,4,4,4,2,4,3,3,1,2,1,1,"60,2941176470588",impar
853,2,4,1,1,2,4,4,4,4,2,4,3,3,1,2,1,1,"63,2352941176471",impar
864,1,2,1,1,4,4,1,4,4,2,4,1,1,1,2,1,1,"51,4705882352941",impar
865,1,4,1,3,1,4,4,4,4,2,4,3,1,1,2,1,1,"60,2941176470588",impar
866,1,3,1,4,4,4,1,4,4,2,4,3,1,1,2,1,1,"60,2941176470588",impar
867,3,4,1,1,2,4,1,4,4,2,1,4,3,1,2,2,1,"58,8235294117647",impar
868,1,4,1,3,1,4,4,4,4,2,4,3,3,1,2,1,1,"63,2352941176471",impar
872,1,3,1,3,4,4,1,4,4,2,4,3,2,1,2,1,1,"60,2941176470588",impar
873,1,4,1,3,4,4,4,4,4,2,4,3,3,1,2,2,1,"69,1176470588235",impar
890,2,3,1,3,2,4,1,4,4,2,4,3,3,1,2,1,1,"60,2941176470588",impar
891,1,2,1,1,4,4,4,4,4,2,1,3,1,1,2,1,1,"54,4117647058823",impar
896,1,2,1,1,4,4,1,4,4,2,1,3,1,1,2,1,1,50,impar
897,1,4,1,1,1,4,4,4,4,2,4,4,3,1,3,3,1,"66,1764705882353",impar
899,1,3,1,3,2,4,1,4,4,2,4,3,3,1,2,1,1,"58,8235294117647",impar
900,2,4,1,3,2,4,4,4,4,2,4,4,3,1,2,2,1,"69,1176470588235",impar
915,1,4,1,3,2,4,4,4,4,2,4,4,1,1,2,2,1,"64,7058823529412",impar
916,1,3,1,1,2,4,1,4,4,2,4,3,1,1,2,1,1,"52,9411764705882",impar
917,1,3,1,3,2,4,1,4,4,2,4,3,3,1,2,1,1,"58,8235294117647",impar
918,3,4,1,4,2,4,4,4,4,2,4,3,3,1,3,1,1,"70,5882352941177",impar
919,1,4,1,1,2,4,4,4,4,2,4,3,1,1,2,1,1,"58,8235294117647",impar
921,2,3,1,1,1,4,1,4,4,2,1,3,2,1,2,1,1,50,impar
933,3,4,1,1,4,4,4,4,4,2,4,4,3,3,2,4,1,"76,4705882352941",impar
934,1,4,1,1,2,4,4,4,4,2,4,3,1,1,2,1,1,"58,8235294117647",impar
935,1,4,1,3,2,4,4,4,4,2,4,3,1,1,2,1,1,"61,7647058823529",impar
936,2,4,1,1,4,4,1,4,4,2,4,3,4,1,2,1,1,"63,2352941176471",impar
940,3,1,1,1,2,4,1,4,4,2,4,3,3,1,2,2,4,"61,7647058823529",impar
944,3,3,1,4,2,4,4,4,4,2,4,3,3,1,2,1,1,"67,6470588235294",impar
947,1,3,1,1,2,4,4,4,4,2,1,3,2,1,2,1,1,"54,4117647058823",impar
950,2,3,1,1,1,4,4,4,4,2,4,4,3,1,2,3,1,"64,7058823529412",impar
954,1,3,1,1,2,4,4,4,4,2,4,3,2,1,3,4,4,"69,1176470588235",impar
957,1,4,1,1,4,4,4,4,4,4,4,4,2,1,3,2,1,"70,5882352941177",impar
963,2,1,1,1,4,2,1,4,4,2,4,1,3,1,2,1,1,"51,4705882352941",impar
964,2,1,1,3,4,4,1,4,4,2,4,3,3,1,2,2,4,"66,1764705882353",impar
965,2,3,1,4,4,4,1,4,4,2,4,3,3,1,2,1,1,"64,7058823529412",impar
966,1,3,1,3,4,4,1,4,4,2,4,3,3,1,3,2,1,"64,7058823529412",impar
967,2,3,1,3,2,4,4,4,4,2,4,3,2,1,2,1,1,"63,2352941176471",impar
968,3,4,1,1,4,4,4,4,4,2,4,4,3,1,2,1,1,"69,1176470588235",impar
977,3,4,1,3,1,4,4,4,4,2,4,4,2,1,3,3,4,75,impar
986,1,2,1,1,4,4,4,4,0,2,4,4,3,1,3,4,4,"67,6470588235294",impar
988,3,3,4,1,1,4,4,4,4,2,4,3,2,1,2,1,1,"64,7058823529412",impar
989,1,1,1,4,2,2,1,4,4,2,4,1,2,1,2,1,1,50,impar
990,3,4,1,1,1,4,4,4,4,2,4,3,1,1,2,1,1,"60,2941176470588",impar
991,1,2,1,3,2,4,1,4,4,2,4,1,3,1,3,1,1,"55,8823529411765",impar
992,3,4,1,1,2,4,4,4,4,2,4,4,2,1,2,1,1,"64,7058823529412",impar
993,1,3,1,3,4,2,1,4,4,2,4,4,4,1,2,1,1,"61,7647058823529",impar
1009,1,4,1,3,4,4,4,4,4,2,4,3,2,1,3,3,4,75,impar
1011,1,1,1,1,2,4,1,4,4,2,4,3,3,1,2,2,1,"54,4117647058823",impar
1013,1,4,1,1,1,4,1,4,4,2,4,3,1,1,2,1,1,"52,9411764705882",impar
1016,2,4,1,1,1,4,4,4,4,2,1,3,3,1,2,1,1,"57,3529411764706",impar
1018,3,4,1,4,2,4,4,4,4,2,4,4,2,1,2,1,1,"69,1176470588235",impar
1019,2,4,1,1,4,2,4,4,4,2,4,4,3,1,2,1,1,"64,7058823529412",impar
1020,3,4,1,1,4,4,4,4,4,2,4,4,3,1,2,4,1,"73,5294117647059",impar
1021,1,2,1,1,2,4,4,4,4,2,4,1,3,1,2,1,1,"55,8823529411765",impar
1024,3,2,1,4,4,2,1,4,4,2,4,1,3,1,2,1,1,"58,8235294117647",impar
1025,2,3,4,3,4,4,4,4,4,2,4,3,2,1,3,2,4,"77,9411764705882",impar
1031,1,3,1,1,2,4,1,4,4,2,4,3,3,1,2,3,1,"58,8235294117647",impar
1032,1,4,1,1,2,4,1,4,4,2,4,4,3,1,2,2,1,"60,2941176470588",impar
1033,4,4,1,1,2,4,4,4,4,2,4,3,2,1,2,2,1,"66,1764705882353",impar
1034,1,3,1,3,4,4,4,4,4,2,4,4,3,1,2,4,1,"72,0588235294118",impar
1035,1,3,1,3,2,2,1,4,4,2,4,3,1,1,2,1,1,"52,9411764705882",impar
1036,1,4,1,1,4,4,1,4,4,2,4,1,3,1,2,2,1,"58,8235294117647",impar
1057,2,3,1,3,2,4,4,4,4,2,4,3,4,1,2,1,1,"66,1764705882353",impar
1061,1,3,1,1,1,4,4,4,4,2,4,3,2,1,2,1,1,"57,3529411764706",impar
1062,2,4,1,1,2,4,4,4,4,2,4,3,4,1,2,1,1,"64,7058823529412",impar
1063,3,3,1,3,1,2,4,4,4,2,4,3,1,1,2,4,1,"63,2352941176471",impar
1064,1,3,1,1,1,4,1,4,4,2,4,3,3,1,3,2,1,"57,3529411764706",impar
1066,2,4,1,1,4,4,4,4,4,2,4,4,1,1,2,1,1,"64,7058823529412",impar
1067,2,2,1,1,4,4,1,4,4,2,4,3,3,1,2,1,1,"58,8235294117647",impar
1070,1,4,1,3,2,4,4,4,0,2,4,4,2,1,2,1,1,"58,8235294117647",impar
1084,3,3,1,1,2,4,4,4,4,2,4,4,2,1,3,3,4,"72,0588235294118",impar
1088,1,3,1,3,2,4,1,4,4,2,4,3,3,1,2,2,1,"60,2941176470588",impar
1090,1,3,1,1,1,4,1,4,4,2,4,3,3,1,2,1,1,"54,4117647058823",impar
1095,2,2,1,3,2,4,4,4,4,2,4,3,3,1,2,2,1,"64,7058823529412",impar
1097,4,3,1,1,4,2,4,4,4,2,4,4,2,1,2,1,1,"64,7058823529412",impar
1098,2,1,1,3,4,4,4,4,4,2,4,3,3,1,2,1,1,"64,7058823529412",impar
1107,1,4,1,1,2,4,4,4,4,2,4,3,3,1,2,3,1,"64,7058823529412",impar
1111,3,2,1,3,4,3,1,4,4,2,4,1,3,1,2,1,1,"58,8235294117647",impar
1112,3,1,1,3,4,4,4,4,4,2,4,3,3,1,3,2,4,"73,5294117647059",impar
1113,1,1,1,1,2,4,4,4,0,2,4,3,2,1,2,1,1,50,impar
1114,2,3,1,1,1,2,1,4,4,2,4,3,2,1,2,1,1,"51,4705882352941",impar
1116,2,2,1,3,4,3,4,4,4,2,4,3,1,1,2,1,1,"61,7647058823529",impar
1117,1,3,1,3,4,2,1,4,4,2,4,1,3,1,2,1,1,"55,8823529411765",impar
1128,2,4,1,3,4,4,4,4,4,2,4,4,3,1,2,3,1,"73,5294117647059",impar
1129,1,4,1,3,2,4,1,4,4,2,4,3,2,1,2,1,1,"58,8235294117647",impar
1135,1,4,1,3,2,4,4,4,4,2,4,4,3,1,2,2,1,"67,6470588235294",impar
1136,3,4,1,1,1,4,4,4,4,2,4,3,2,1,2,1,1,"61,7647058823529",impar
1137,1,2,1,1,4,1,4,4,4,2,4,3,1,2,2,1,1,"55,8823529411765",impar
1138,3,3,4,1,1,4,1,4,4,2,4,3,1,1,2,1,1,"58,8235294117647",impar
1139,1,4,1,1,2,4,4,4,4,2,4,3,2,1,3,3,1,"64,7058823529412",impar
1140,3,4,1,1,4,4,4,4,4,2,4,4,2,1,2,1,1,"67,6470588235294",impar
1141,3,3,1,3,4,4,4,4,4,2,4,3,3,1,2,1,1,"69,1176470588235",impar
1148,1,3,1,3,4,4,4,4,0,2,4,3,3,1,2,1,1,"60,2941176470588",impar
1156,2,2,1,3,4,4,1,4,4,2,4,3,1,2,2,1,1,"60,2941176470588",impar
1157,1,4,1,1,2,4,4,4,0,2,4,3,2,1,2,1,1,"54,4117647058823",impar
1161,1,2,1,1,1,4,4,4,4,2,4,3,1,1,2,1,1,"54,4117647058823",impar
1165,1,4,1,1,4,4,4,4,0,2,4,3,2,1,2,1,1,"57,3529411764706",impar
1166,1,1,1,1,1,2,1,4,4,2,4,1,2,1,2,1,1,"44,1176470588235",impar
1167,1,2,1,3,2,4,1,4,0,2,4,3,2,1,2,1,1,50,impar
1175,1,4,1,3,2,4,4,4,4,2,4,4,1,1,2,1,1,"63,2352941176471",impar
1176,1,4,1,1,4,4,4,4,4,2,4,4,3,1,2,3,1,"69,1176470588235",impar
1185,1,4,1,1,2,4,4,4,4,2,4,4,2,1,2,1,1,"61,7647058823529",impar
1186,2,4,1,3,4,4,4,4,4,2,4,4,3,1,3,3,1,75,impar
1190,2,4,1,1,4,4,1,4,4,2,4,3,1,1,2,1,1,"58,8235294117647",impar
1191,4,3,1,3,1,4,4,4,4,2,4,3,3,1,2,1,1,"66,1764705882353",impar
1192,1,2,1,1,1,4,1,4,4,2,4,1,1,1,2,1,1,"47,0588235294118",impar
1193,2,4,1,1,1,4,4,4,4,2,4,3,3,1,2,1,1,"61,7647058823529",impar
1207,1,4,1,1,4,4,4,4,4,2,2,4,3,1,2,1,1,"63,2352941176471",impar
1215,1,4,1,4,2,4,4,4,0,2,4,3,2,1,2,1,1,"58,8235294117647",impar
1216,1,3,1,1,1,4,4,4,4,2,4,3,3,1,2,1,1,"58,8235294117647",impar
1220,1,3,1,3,2,4,4,4,0,2,4,3,4,1,2,1,1,"58,8235294117647",impar
1222,2,3,1,3,2,4,4,4,4,2,4,4,3,1,2,1,1,"66,1764705882353",impar
1223,1,4,1,4,2,4,4,4,0,2,4,3,3,1,3,1,1,"61,7647058823529",impar
1229,1,3,1,3,2,4,4,4,4,2,4,3,1,1,2,1,1,"60,2941176470588",impar
1231,3,1,1,1,4,2,1,4,4,2,4,1,3,1,3,1,1,"54,4117647058823",impar
1234,2,2,1,4,2,3,4,4,4,2,4,3,2,1,2,1,1,"61,7647058823529",impar
1237,1,1,1,1,1,1,1,4,0,2,4,1,2,1,2,1,1,"36,7647058823529",impar
1238,1,3,1,1,1,4,1,4,0,2,4,3,2,4,2,1,1,"51,4705882352941",impar
1251,1,4,1,1,2,4,4,4,4,2,4,3,1,1,2,1,1,"58,8235294117647",impar
1252,3,3,1,3,4,4,4,4,0,4,2,4,3,1,2,2,1,"66,1764705882353",impar
1253,3,3,1,1,2,4,4,4,4,2,4,3,2,1,2,1,1,"61,7647058823529",impar
1254,1,1,1,3,1,3,1,4,4,2,4,1,3,1,2,1,1,50,impar
1267,1,4,1,3,2,4,1,4,4,2,4,4,3,1,2,1,1,"61,7647058823529",impar
1277,2,2,1,1,1,4,4,4,4,2,4,3,3,1,2,1,4,"63,2352941176471",impar
1300,2,1,1,1,2,3,1,4,0,2,4,1,3,1,2,1,1,"44,1176470588235",impar
1301,2,2,1,1,2,4,1,4,4,2,4,3,2,1,2,1,1,"54,4117647058823",impar
1302,2,2,1,1,1,4,1,4,4,2,4,3,3,1,2,1,1,"54,4117647058823",impar
1306,1,1,1,1,1,1,1,4,0,2,4,1,2,1,2,1,1,"36,7647058823529",impar
1307,1,3,1,1,1,4,1,4,0,2,4,3,3,3,3,1,1,"52,9411764705882",impar
1314,1,2,1,1,1,2,1,4,4,2,4,1,3,1,2,1,1,"47,0588235294118",impar
1315,1,2,1,1,2,4,1,4,0,2,4,3,3,1,2,1,1,"48,5294117647059",impar
1322,2,3,1,3,4,4,1,4,4,2,4,3,2,1,2,1,1,"61,7647058823529",impar
1323,2,2,1,1,1,4,4,4,4,2,4,3,2,1,2,1,1,"57,3529411764706",impar
1324,3,4,4,1,1,2,4,4,4,2,4,3,2,1,2,2,1,"64,7058823529412",impar
1325,2,1,1,1,1,4,1,4,4,2,1,1,1,1,2,1,1,"42,6470588235294",impar
1326,1,3,1,1,1,4,1,4,4,2,4,3,1,1,2,1,1,"51,4705882352941",impar
1332,2,4,1,3,2,4,4,4,4,2,4,3,2,1,2,1,1,"64,7058823529412",impar
1335,1,4,1,1,2,4,4,4,4,2,4,4,3,1,2,1,1,"63,2352941176471",impar
1345,2,4,1,1,1,4,1,4,0,2,4,3,3,1,2,1,1,"51,4705882352941",impar
1347,2,1,1,1,1,4,4,4,0,2,4,1,2,1,2,1,1,"47,0588235294118",impar
1349,2,3,1,1,2,4,4,4,4,2,4,4,3,1,2,1,1,"63,2352941176471",impar
1353,1,2,1,1,1,4,1,4,4,2,4,3,1,1,2,1,1,50,impar
1379,1,2,1,1,4,4,4,4,4,2,4,3,2,1,2,1,1,"60,2941176470588",impar
1382,1,3,1,3,2,4,4,4,0,2,4,3,1,1,2,1,1,"54,4117647058823",impar
1383,2,1,1,3,1,4,1,4,4,2,4,1,3,1,2,1,1,"52,9411764705882",impar
1384,2,2,1,1,2,2,1,4,4,2,4,1,3,1,2,1,1,50,impar
1387,1,2,1,1,1,4,1,4,4,2,4,3,3,1,2,1,1,"52,9411764705882",impar
1388,1,3,1,1,1,4,1,4,0,2,4,1,3,1,2,1,1,"45,5882352941176",impar
1391,3,4,1,3,4,4,1,4,4,2,4,3,2,1,2,1,1,"64,7058823529412",impar
1396,1,1,1,3,2,4,4,4,0,2,4,1,3,1,2,1,1,"51,4705882352941",impar
1397,1,2,1,3,2,4,1,4,0,2,4,1,3,1,2,1,1,"48,5294117647059",impar
1398,1,3,1,1,2,4,4,4,4,2,4,3,3,1,2,1,1,"60,2941176470588",impar
1409,3,4,4,3,1,4,1,4,4,2,4,1,2,1,2,1,1,"61,7647058823529",impar
1410,2,2,1,1,2,4,1,4,4,2,4,3,3,1,2,1,1,"55,8823529411765",impar
1413,2,3,1,1,2,2,4,4,4,2,4,4,2,1,2,1,1,"58,8235294117647",impar
1414,2,1,1,3,2,2,1,4,0,2,4,1,1,2,2,1,1,"44,1176470588235",impar
1425,1,1,1,3,1,4,1,4,4,2,4,3,3,1,2,1,1,"54,4117647058823",impar
1426,2,3,1,1,2,4,1,4,4,2,4,4,3,1,2,1,1,"58,8235294117647",impar
1427,4,3,1,1,2,4,4,4,4,2,4,4,3,1,2,2,1,"67,6470588235294",impar
1431,2,2,1,3,2,4,1,4,4,2,4,3,1,1,2,1,1,"55,8823529411765",impar
1432,3,4,1,3,2,4,4,4,4,2,4,3,2,1,2,1,1,"66,1764705882353",impar
1434,1,1,1,1,2,2,4,4,0,2,4,1,3,1,2,1,1,"45,5882352941176",impar
1438,1,3,1,1,2,4,4,4,0,2,4,1,3,1,2,1,1,"51,4705882352941",impar
1441,1,4,4,3,4,4,4,4,4,2,4,3,2,1,2,1,1,"70,5882352941177",impar
1446,3,1,1,1,1,3,4,4,0,2,4,3,2,1,2,1,1,50,impar
1447,1,3,1,1,1,4,1,4,0,2,4,3,2,1,2,1,1,"47,0588235294118",impar
1453,3,2,1,3,2,4,1,4,4,2,4,3,1,1,2,1,1,"57,3529411764706",impar
1454,1,2,1,1,1,4,1,4,0,2,4,3,3,1,2,1,1,"47,0588235294118",impar
1459,2,3,1,1,1,4,4,4,0,2,4,3,3,1,2,1,1,"54,4117647058823",impar
1462,3,4,1,3,2,4,4,4,4,2,4,4,2,1,2,1,1,"67,6470588235294",impar
1463,2,4,1,3,2,4,1,4,4,2,4,3,2,1,2,1,1,"60,2941176470588",impar
1464,1,2,1,1,2,4,1,4,4,2,1,3,1,1,2,1,1,"47,0588235294118",impar
1465,1,4,4,1,2,4,4,4,0,2,4,4,2,1,2,1,1,"60,2941176470588",impar
1467,2,3,1,3,1,4,1,4,4,2,4,1,3,1,2,1,1,"55,8823529411765",impar
1473,1,4,1,1,2,4,4,4,4,2,4,4,2,1,2,1,1,"61,7647058823529",impar
1474,1,4,1,1,4,4,4,4,4,2,4,3,2,1,2,1,1,"63,2352941176471",impar
1481,3,4,4,1,1,4,4,4,4,2,4,3,2,1,2,1,1,"66,1764705882353",impar
1482,1,4,1,3,1,4,1,4,4,2,4,3,3,4,2,1,1,"63,2352941176471",impar
1491,1,4,1,3,1,4,1,4,4,2,4,3,1,1,2,1,1,"55,8823529411765",impar
1496,1,2,1,1,2,4,4,4,0,2,1,3,2,1,2,1,1,"47,0588235294118",impar
1497,1,1,1,3,1,4,4,4,0,2,4,1,1,1,2,2,1,"48,5294117647059",impar
1498,1,3,1,1,1,4,1,4,4,2,4,3,3,1,2,1,1,"54,4117647058823",impar
1500,3,3,1,3,4,4,4,4,4,2,4,3,2,1,2,1,1,"67,6470588235294",impar
1503,2,3,1,3,4,4,1,4,4,2,1,3,3,4,2,2,1,"64,7058823529412",impar
1508,1,4,1,3,1,4,4,4,0,2,4,1,1,1,2,1,1,"51,4705882352941",impar
1512,2,1,1,1,2,4,4,4,0,2,4,1,1,1,2,1,1,"47,0588235294118",impar
1513,1,4,1,1,1,4,4,4,0,2,4,4,3,1,2,1,1,"55,8823529411765",impar
1525,1,1,1,1,1,4,1,4,4,2,4,1,3,4,2,1,1,"52,9411764705882",impar
1526,1,4,1,1,1,4,4,4,4,2,4,3,3,1,2,1,1,"60,2941176470588",impar
1527,2,1,1,1,2,4,4,4,4,2,4,1,2,1,2,1,1,"54,4117647058823",impar
1528,1,4,1,1,1,4,1,4,0,2,4,3,3,1,2,1,1,50,impar
1531,1,3,1,3,2,4,4,4,0,2,4,3,2,1,2,1,1,"55,8823529411765",impar
1540,3,3,4,3,2,4,4,4,4,2,4,4,3,1,2,1,4,"76,4705882352941",impar
1541,1,4,4,3,1,4,4,4,0,2,4,3,3,1,2,1,1,"61,7647058823529",impar
1563,2,4,1,1,1,4,1,4,4,2,4,1,1,1,2,1,1,"51,4705882352941",impar
1570,3,2,1,3,2,4,1,4,4,2,4,3,1,1,2,1,1,"57,3529411764706",impar
1584,1,3,1,3,4,3,4,4,0,2,4,1,1,1,2,1,1,"52,9411764705882",impar
186,1,4,1,3,2,4,4,4,4,2,1,4,1,1,2,1,1,"58,8235294117647",par
187,1,4,1,1,1,4,4,4,0,2,4,3,2,1,2,1,1,"52,9411764705882",par
197,1,4,1,3,2,4,4,4,0,2,4,3,2,1,2,1,1,"57,3529411764706",par
198,1,1,1,4,1,4,4,4,4,2,4,1,3,1,2,1,1,"57,3529411764706",par
201,1,4,1,4,2,4,4,4,4,2,4,3,1,2,2,1,1,"64,7058823529412",par
216,1,4,1,3,2,4,1,4,4,2,4,3,3,1,2,1,1,"60,2941176470588",par
217,1,3,1,3,1,4,4,4,0,2,4,1,3,1,2,1,1,"52,9411764705882",par
220,1,2,1,3,2,4,4,4,0,2,4,1,2,1,2,1,1,"51,4705882352941",par
221,1,4,1,3,2,4,4,4,4,2,4,3,4,1,2,1,1,"66,1764705882353",par
225,1,4,1,1,2,4,4,4,0,2,4,4,2,1,2,1,1,"55,8823529411765",par
230,2,2,1,1,2,4,1,4,4,2,1,1,1,3,2,1,1,"48,5294117647059",par
231,1,3,1,1,2,4,4,4,0,2,1,1,2,1,2,1,1,"45,5882352941176",par
233,1,4,1,1,1,4,4,4,4,2,4,1,3,2,2,1,1,"58,8235294117647",par
234,2,4,1,3,4,4,4,4,4,2,4,4,4,1,3,4,1,"77,9411764705882",par
242,1,3,1,3,2,4,4,4,4,2,4,3,3,1,2,1,1,"63,2352941176471",par
244,1,3,1,1,2,4,4,4,4,2,4,4,1,1,2,1,1,"58,8235294117647",par
245,2,3,1,1,2,4,4,4,4,2,1,4,3,1,2,1,1,"58,8235294117647",par
246,1,2,1,3,4,4,4,4,4,2,4,1,3,2,3,2,1,"66,1764705882353",par
248,3,4,1,4,2,4,4,4,4,2,4,4,3,1,2,1,4,75,par
249,1,4,1,3,4,4,4,4,4,2,1,3,3,1,2,1,1,"63,2352941176471",par
255,1,3,1,1,1,4,4,4,4,2,4,1,2,1,2,1,1,"54,4117647058823",par
257,1,3,1,3,2,4,4,4,0,2,1,3,1,1,2,1,1,50,par
259,2,2,1,1,4,4,4,4,4,2,1,3,3,3,3,1,1,"63,2352941176471",par
260,1,4,1,1,2,4,4,4,4,2,1,4,2,1,2,1,1,"57,3529411764706",par
263,1,4,1,1,4,4,1,4,4,2,4,4,2,1,2,1,1,"60,2941176470588",par
264,1,3,1,4,4,4,4,4,4,2,1,3,2,1,3,1,1,"63,2352941176471",par
267,2,2,1,1,2,4,1,4,4,2,4,1,3,1,2,1,1,"52,9411764705882",par
268,3,3,1,3,2,4,1,4,4,2,4,4,3,1,2,1,1,"63,2352941176471",par
272,2,4,1,3,1,4,4,4,4,2,1,1,3,3,3,2,1,"63,2352941176471",par
273,3,3,1,3,2,4,4,4,4,2,4,4,3,1,3,4,1,"73,5294117647059",par
274,1,4,1,3,1,4,4,4,0,2,4,3,2,1,2,1,1,"55,8823529411765",par
276,1,4,1,3,4,4,4,4,4,2,1,1,2,3,2,1,1,"61,7647058823529",par
277,1,4,1,3,2,4,4,4,4,2,4,3,3,1,2,1,1,"64,7058823529412",par
283,2,4,1,1,2,4,4,4,0,2,4,4,3,1,2,1,4,"63,2352941176471",par
288,1,2,1,4,2,4,4,4,0,2,4,3,2,1,2,1,1,"55,8823529411765",par
289,1,1,1,1,4,4,4,4,4,2,4,1,2,1,2,1,1,"55,8823529411765",par
290,1,3,1,4,2,4,4,4,4,2,4,4,3,1,2,1,1,"66,1764705882353",par
291,2,4,1,3,4,4,4,4,4,2,4,3,3,1,3,4,1,75,par
293,1,4,1,3,4,4,4,4,0,2,4,4,2,1,2,4,1,"66,1764705882353",par
294,2,4,1,3,2,4,4,4,4,2,4,3,3,1,2,1,1,"66,1764705882353",par
295,3,3,1,3,4,4,4,4,4,2,4,3,3,1,2,3,1,"72,0588235294118",par
296,1,2,1,3,2,4,4,4,4,2,4,3,3,1,2,1,1,"61,7647058823529",par
298,2,4,1,3,4,4,4,4,4,2,1,3,1,1,3,3,1,"66,1764705882353",par
300,1,3,1,1,4,4,1,4,0,2,4,4,2,4,2,1,1,"57,3529411764706",par
301,2,3,1,3,4,4,4,4,4,2,1,3,2,1,3,4,1,"67,6470588235294",par
302,1,2,1,3,4,4,4,4,4,2,4,1,3,1,2,1,1,"61,7647058823529",par
303,3,4,1,4,4,4,1,4,4,2,4,4,3,1,3,3,1,"73,5294117647059",par
304,2,4,1,1,2,4,1,4,4,2,4,3,2,1,2,1,1,"57,3529411764706",par
306,1,3,1,1,4,4,4,4,0,2,4,3,2,1,2,1,1,"55,8823529411765",par
307,1,2,1,4,4,4,1,4,4,2,4,1,3,1,2,1,1,"58,8235294117647",par
308,1,2,1,1,2,4,4,4,4,2,1,1,1,3,4,2,1,"55,8823529411765",par
309,1,4,1,1,4,4,4,4,0,2,4,3,2,1,2,1,1,"57,3529411764706",par
311,1,3,1,3,1,4,4,4,4,4,1,3,3,1,2,1,1,"60,2941176470588",par
316,2,4,1,3,2,4,1,4,4,2,1,1,2,3,2,2,1,"57,3529411764706",par
317,3,4,1,3,4,4,1,4,4,2,4,3,3,1,2,3,1,"69,1176470588235",par
318,1,3,1,3,1,4,1,4,4,2,4,3,3,1,2,1,1,"57,3529411764706",par
319,1,3,1,1,2,4,1,4,4,2,4,1,3,1,2,1,1,"52,9411764705882",par
321,2,2,1,3,2,4,4,4,4,2,4,4,3,1,2,4,1,"69,1176470588235",par
322,1,4,1,1,1,4,1,4,4,2,1,1,1,2,3,1,1,"48,5294117647059",par
323,1,3,1,1,4,4,4,4,4,2,1,3,3,1,2,1,1,"58,8235294117647",par
324,1,4,1,1,2,4,4,4,4,2,4,1,3,1,2,1,1,"58,8235294117647",par
326,1,4,1,1,4,3,4,4,4,2,1,4,3,1,2,1,1,"60,2941176470588",par
329,2,4,1,3,4,4,1,4,4,2,4,3,3,1,3,3,1,"69,1176470588235",par
331,1,3,1,1,1,4,4,4,0,2,1,1,3,1,2,1,1,"45,5882352941176",par
332,1,2,1,3,2,4,4,4,4,2,4,1,2,1,2,1,1,"57,3529411764706",par
333,1,3,1,3,4,4,4,4,4,2,1,3,3,1,2,4,1,"66,1764705882353",par
334,3,2,1,3,4,4,4,4,0,2,4,3,3,1,2,1,1,"61,7647058823529",par
336,1,3,1,3,4,4,4,4,4,2,4,3,3,1,2,1,1,"66,1764705882353",par
337,1,3,1,1,4,4,4,4,4,2,4,3,2,1,2,1,1,"61,7647058823529",par
338,1,4,1,3,2,4,1,4,4,2,4,3,3,1,2,1,1,"60,2941176470588",par
340,1,4,1,3,2,4,4,4,4,2,1,4,3,1,2,1,1,"61,7647058823529",par
342,1,4,1,3,4,4,4,4,4,2,4,4,2,1,2,1,1,"67,6470588235294",par
343,1,4,1,1,4,4,4,4,4,2,1,1,3,2,3,2,1,"61,7647058823529",par
346,1,3,1,3,2,4,4,4,4,2,4,1,3,1,2,1,1,"60,2941176470588",par
347,1,3,1,3,4,4,1,4,4,2,1,1,3,2,4,1,1,"58,8235294117647",par
348,1,3,1,4,4,4,4,4,0,2,4,1,3,1,2,1,1,"58,8235294117647",par
350,2,3,1,3,2,4,4,4,4,2,1,1,1,3,4,4,1,"64,7058823529412",par
351,1,3,1,3,4,4,1,4,4,2,4,1,3,1,2,1,1,"58,8235294117647",par
352,2,2,1,1,4,4,1,4,4,2,4,3,3,1,2,1,1,"58,8235294117647",par
353,1,3,1,3,4,4,4,4,4,2,4,3,2,1,2,1,1,"64,7058823529412",par
356,1,4,1,4,2,4,4,4,4,2,4,3,3,1,2,1,1,"66,1764705882353",par
357,1,2,1,3,2,3,4,4,4,2,4,3,3,1,2,1,1,"60,2941176470588",par
358,3,4,1,1,4,4,4,4,4,2,1,3,3,2,4,2,1,"69,1176470588235",par
361,1,4,1,3,2,4,4,4,0,2,4,4,3,1,2,1,1,"60,2941176470588",par
365,1,3,1,1,2,4,4,4,4,2,1,1,1,2,3,1,1,"52,9411764705882",par
366,1,1,1,4,4,4,1,4,4,2,4,1,3,1,2,1,1,"57,3529411764706",par
367,1,4,1,1,2,4,4,4,4,2,1,3,3,3,2,1,1,"60,2941176470588",par
368,1,4,1,3,2,4,4,4,4,2,4,3,3,1,2,1,1,"64,7058823529412",par
370,3,4,1,4,4,4,4,4,4,2,1,3,3,2,4,1,1,"72,0588235294118",par
371,1,4,1,3,2,4,4,4,4,2,4,3,3,1,2,1,1,"64,7058823529412",par
375,3,4,1,3,4,4,4,4,4,2,4,3,3,1,2,3,1,"73,5294117647059",par
377,1,1,1,3,4,4,1,4,4,2,4,3,3,1,2,1,1,"58,8235294117647",par
378,1,4,1,3,4,4,4,4,4,2,4,4,3,1,2,1,1,"69,1176470588235",par
379,1,2,1,1,4,4,4,4,4,2,4,3,3,1,2,1,1,"61,7647058823529",par
380,1,3,1,3,4,4,1,4,4,2,1,1,3,1,2,1,1,"54,4117647058823",par
382,1,2,1,3,4,4,4,4,4,2,4,3,2,4,3,4,1,"73,5294117647059",par
383,1,4,1,3,1,4,1,4,0,2,4,3,2,1,2,1,1,"51,4705882352941",par
385,2,4,1,1,2,4,1,4,4,2,4,3,3,1,2,1,1,"58,8235294117647",par
386,1,4,1,1,1,4,4,4,4,2,4,3,3,1,2,1,1,"60,2941176470588",par
387,1,4,1,1,2,4,4,4,4,2,1,1,1,3,2,1,1,"54,4117647058823",par
388,3,3,1,3,4,4,4,4,4,2,1,3,3,2,3,1,1,"67,6470588235294",par
389,2,2,1,3,4,4,1,4,4,2,4,1,3,1,2,1,1,"58,8235294117647",par
390,2,4,1,3,4,4,1,4,4,2,1,1,3,2,4,2,1,"63,2352941176471",par
392,1,1,1,1,2,4,4,4,4,2,4,3,3,1,2,1,1,"57,3529411764706",par
393,1,2,1,1,4,4,4,4,4,2,4,1,3,2,2,1,1,"60,2941176470588",par
395,2,3,1,4,4,4,4,4,4,2,4,3,3,1,2,1,1,"69,1176470588235",par
396,1,1,1,1,2,4,1,4,4,2,4,1,3,2,2,1,1,"51,4705882352941",par
399,2,4,1,3,4,4,4,4,4,2,1,1,2,2,3,2,1,"64,7058823529412",par
400,1,4,1,3,4,4,4,4,4,2,1,3,2,3,3,1,1,"66,1764705882353",par
401,3,4,1,1,4,4,4,4,4,2,1,4,3,2,3,3,1,"70,5882352941177",par
404,1,1,1,3,2,4,1,4,4,2,4,3,2,1,2,1,1,"54,4117647058823",par
405,1,2,1,3,4,4,1,4,0,2,1,4,1,1,2,1,1,"48,5294117647059",par
409,1,4,1,1,4,4,4,4,4,2,4,3,2,1,2,1,1,"63,2352941176471",par
410,1,4,1,1,4,4,4,4,4,2,4,4,2,1,2,1,1,"64,7058823529412",par
412,1,4,1,3,4,4,4,4,4,2,1,1,3,3,2,1,1,"63,2352941176471",par
413,1,2,1,3,4,4,1,4,4,2,4,1,3,1,2,1,1,"57,3529411764706",par
416,1,2,1,1,2,4,1,4,0,2,4,1,3,1,2,1,4,50,par
418,1,4,1,4,4,4,4,4,4,2,4,4,3,1,2,1,1,"70,5882352941177",par
419,3,4,1,3,4,4,4,4,4,2,1,1,3,2,3,1,1,"66,1764705882353",par
421,1,4,1,4,4,4,4,4,4,2,4,4,2,1,2,1,1,"69,1176470588235",par
422,1,3,1,3,4,4,4,4,4,2,1,4,3,1,2,1,1,"63,2352941176471",par
423,1,3,1,3,2,4,4,4,4,2,4,1,2,1,2,1,1,"58,8235294117647",par
425,1,4,1,4,2,4,1,4,4,4,4,3,3,1,2,4,1,"69,1176470588235",par
426,2,4,1,3,4,4,4,4,4,2,4,3,2,1,3,3,1,"72,0588235294118",par
429,1,2,1,3,2,4,1,4,4,2,1,1,3,1,2,2,1,"51,4705882352941",par
432,1,3,1,3,4,4,1,4,4,2,4,1,3,1,2,1,4,"63,2352941176471",par
433,3,3,1,4,4,4,4,4,4,2,1,3,3,2,4,3,1,"73,5294117647059",par
434,1,2,1,1,2,4,4,4,0,2,4,1,3,1,2,1,4,"54,4117647058823",par
435,1,4,1,1,1,4,4,4,4,2,4,3,3,1,2,1,1,"60,2941176470588",par
437,1,2,1,4,1,4,1,4,4,2,1,3,2,2,3,1,1,"54,4117647058823",par
438,1,4,1,3,4,4,4,4,4,2,4,4,2,1,2,1,4,"72,0588235294118",par
440,1,4,1,1,2,4,1,4,4,2,4,1,3,1,2,1,1,"54,4117647058823",par
441,1,3,1,3,4,4,4,4,4,2,1,1,3,1,2,1,1,"58,8235294117647",par
442,1,2,1,3,2,4,1,4,4,2,4,1,3,1,2,1,1,"54,4117647058823",par
444,2,4,1,4,2,4,4,4,4,2,1,3,3,2,3,1,1,"66,1764705882353",par
445,1,4,1,1,1,4,4,4,0,2,1,3,2,1,2,1,1,"48,5294117647059",par
446,1,4,1,1,4,4,4,4,0,2,4,3,3,1,2,1,1,"58,8235294117647",par
448,1,4,1,3,1,4,4,4,4,2,4,3,3,1,2,1,1,"63,2352941176471",par
449,1,2,1,4,4,4,1,4,4,2,4,1,2,1,2,1,1,"57,3529411764706",par
451,1,3,1,1,2,4,1,4,4,2,4,1,2,1,2,1,1,"51,4705882352941",par
454,1,4,1,1,2,4,4,4,4,2,1,3,1,3,2,1,1,"57,3529411764706",par
459,4,3,1,3,2,4,4,4,4,2,1,3,3,2,2,1,1,"64,7058823529412",par
460,1,1,1,1,1,4,4,4,4,2,4,3,3,1,2,2,1,"57,3529411764706",par
461,1,3,1,3,2,4,1,4,4,2,4,1,2,1,2,1,1,"54,4117647058823",par
462,1,4,1,4,4,4,4,4,4,2,4,3,3,1,2,1,1,"69,1176470588235",par
463,1,4,1,3,4,4,4,4,4,2,1,1,3,3,2,1,1,"63,2352941176471",par
464,1,4,1,4,4,4,4,4,4,2,4,4,4,1,2,1,1,"72,0588235294118",par
465,1,3,1,1,4,4,4,4,4,2,1,1,2,1,2,1,1,"54,4117647058823",par
466,1,3,1,1,2,4,4,4,4,4,4,4,3,1,2,1,1,"64,7058823529412",par
469,1,2,1,3,4,4,4,4,4,2,4,3,2,1,2,1,1,"63,2352941176471",par
470,3,3,1,3,4,4,4,4,4,2,4,4,3,1,3,3,1,75,par
472,1,3,1,3,4,3,4,4,4,2,4,1,2,1,2,1,1,"60,2941176470588",par
473,1,2,1,3,2,4,4,4,4,2,4,1,3,1,2,1,1,"58,8235294117647",par
474,1,3,1,1,4,4,1,4,4,2,1,1,3,1,2,1,1,"51,4705882352941",par
475,2,4,1,3,2,4,4,4,4,2,1,3,3,2,2,1,1,"63,2352941176471",par
477,1,4,1,3,4,4,4,4,4,2,4,3,3,1,2,1,1,"67,6470588235294",par
478,1,4,1,1,4,4,4,4,4,2,1,3,3,1,2,1,1,"60,2941176470588",par
479,1,3,1,1,2,4,1,4,4,2,1,3,1,2,3,1,1,"51,4705882352941",par
480,1,4,1,1,4,4,1,4,4,2,4,3,3,1,2,2,1,"61,7647058823529",par
481,1,3,1,3,2,4,1,4,4,2,4,1,3,1,2,1,1,"55,8823529411765",par
484,1,3,1,3,1,4,4,4,4,2,4,1,2,2,2,1,1,"58,8235294117647",par
485,1,4,1,3,2,4,4,4,4,2,4,1,3,1,3,2,1,"64,7058823529412",par
489,1,3,1,1,1,4,4,4,4,2,1,3,1,3,2,1,1,"54,4117647058823",par
490,1,3,1,1,4,4,1,4,4,2,4,1,3,1,2,1,1,"55,8823529411765",par
491,1,4,1,1,2,4,1,4,4,2,4,3,2,1,2,1,1,"55,8823529411765",par
492,1,4,1,1,4,4,4,4,4,2,1,1,3,2,4,1,1,"61,7647058823529",par
501,1,3,1,3,2,4,4,4,4,2,1,3,2,3,3,1,1,"61,7647058823529",par
502,2,3,1,1,2,4,4,4,0,2,4,3,2,1,3,4,1,"60,2941176470588",par
503,1,4,1,1,2,2,4,4,4,2,4,4,3,1,2,1,1,"60,2941176470588",par
504,1,3,1,3,4,4,1,4,4,2,4,3,3,1,2,1,1,"61,7647058823529",par
505,1,1,1,1,2,4,4,4,4,2,4,3,3,1,2,1,1,"57,3529411764706",par
507,1,2,1,4,2,4,1,4,4,2,4,3,3,1,2,1,1,"58,8235294117647",par
508,1,4,1,3,4,4,4,4,4,2,1,3,3,1,3,3,1,"67,6470588235294",par
509,1,4,1,3,4,4,4,4,4,4,4,3,3,1,2,1,4,75,par
510,1,4,1,3,4,4,4,4,0,2,1,4,3,3,2,1,1,"61,7647058823529",par
513,1,3,1,3,4,4,4,4,4,2,4,3,2,1,2,1,1,"64,7058823529412",par
514,2,2,1,3,2,4,4,4,4,2,1,1,3,2,4,1,1,"60,2941176470588",par
515,2,2,1,3,2,4,1,4,4,2,4,3,3,1,2,1,1,"58,8235294117647",par
517,2,2,1,4,2,4,1,4,4,2,4,3,3,1,2,1,1,"60,2941176470588",par
518,1,3,1,3,4,4,4,4,4,2,4,3,3,1,2,1,4,"70,5882352941177",par
519,1,4,1,3,4,4,4,4,4,4,4,3,3,1,2,1,1,"70,5882352941177",par
520,1,4,1,1,4,4,4,4,4,2,4,3,3,1,2,1,1,"64,7058823529412",par
521,2,1,1,3,4,4,4,4,4,2,4,4,3,4,2,3,1,"73,5294117647059",par
523,1,4,1,1,4,4,4,4,4,2,4,4,2,1,3,4,1,"70,5882352941177",par
525,1,3,1,3,2,4,4,4,4,2,1,3,1,2,2,1,1,"57,3529411764706",par
530,2,4,1,1,4,4,4,4,4,2,1,1,3,2,2,1,1,"60,2941176470588",par
531,1,4,1,1,4,4,4,4,0,2,4,3,3,1,2,1,1,"58,8235294117647",par
533,1,3,1,1,2,4,1,4,4,2,4,3,3,1,2,1,1,"55,8823529411765",par
534,1,4,1,3,4,4,4,4,0,2,4,4,3,2,2,1,1,"64,7058823529412",par
542,1,3,1,1,4,4,4,4,4,2,1,3,3,3,3,1,1,"63,2352941176471",par
543,2,3,1,3,2,4,4,4,4,2,4,3,2,1,2,1,1,"63,2352941176471",par
546,1,4,1,3,4,4,4,4,4,2,1,3,3,1,2,1,1,"63,2352941176471",par
547,2,3,1,3,4,4,4,4,4,2,1,1,2,3,3,3,1,"66,1764705882353",par
553,1,4,1,3,4,4,4,4,0,2,4,3,2,1,2,1,1,"60,2941176470588",par
554,1,4,1,1,4,4,4,4,4,2,4,3,3,1,2,1,1,"64,7058823529412",par
555,1,4,1,1,2,4,4,4,0,2,1,3,2,1,2,1,1,50,par
558,1,4,1,3,2,4,4,4,4,2,4,3,3,1,2,3,1,"67,6470588235294",par
563,1,3,1,3,2,4,4,4,4,2,4,3,2,1,2,1,1,"61,7647058823529",par
564,1,4,1,3,2,4,4,4,0,2,4,3,2,2,2,1,1,"58,8235294117647",par
566,3,3,1,3,4,4,1,4,4,2,4,3,3,1,2,1,1,"64,7058823529412",par
567,2,4,1,3,4,4,4,4,4,2,1,1,3,3,3,1,1,"66,1764705882353",par
568,1,4,1,4,4,4,4,4,4,2,4,3,2,1,3,4,1,"73,5294117647059",par
569,1,4,1,1,4,4,4,4,4,2,4,3,3,1,2,1,1,"64,7058823529412",par
570,1,3,1,1,2,4,1,4,4,2,4,3,3,2,2,1,1,"57,3529411764706",par
572,1,4,1,4,4,4,4,4,4,2,1,3,3,1,2,1,1,"64,7058823529412",par
573,1,4,1,3,2,4,4,4,4,2,4,3,2,1,2,1,1,"63,2352941176471",par
578,1,2,1,1,4,4,4,4,0,2,4,3,2,1,2,1,1,"54,4117647058823",par
579,1,4,4,1,1,4,4,4,4,2,1,3,1,2,2,1,1,"58,8235294117647",par
586,1,1,1,1,2,4,1,4,0,2,4,3,2,1,2,1,1,"45,5882352941176",par
590,1,2,1,1,4,4,1,4,4,2,4,1,3,1,2,1,1,"54,4117647058823",par
591,1,3,1,1,2,4,4,4,4,2,4,3,3,2,2,1,1,"61,7647058823529",par
592,1,4,1,1,1,4,1,4,4,2,1,1,3,2,2,1,1,50,par
594,1,4,1,1,2,4,4,4,0,2,4,3,2,1,2,1,1,"54,4117647058823",par
595,1,1,1,1,4,4,1,4,0,2,4,3,3,1,2,1,1,50,par
598,1,1,1,3,2,4,4,4,0,2,4,1,1,1,2,1,1,"48,5294117647059",par
599,1,4,1,1,2,4,4,4,0,2,4,3,1,1,2,1,4,"57,3529411764706",par
600,1,4,1,1,2,4,4,4,4,2,4,4,3,1,2,1,1,"63,2352941176471",par
603,1,4,1,1,4,4,1,4,4,2,4,4,3,1,2,1,1,"61,7647058823529",par
604,1,4,1,3,4,4,4,4,4,2,4,4,2,1,2,1,1,"67,6470588235294",par
605,1,1,1,3,1,4,4,4,4,2,4,3,3,1,2,3,1,"61,7647058823529",par
607,1,4,1,3,4,4,4,4,0,2,4,4,2,1,3,4,1,"67,6470588235294",par
608,1,4,1,1,2,4,1,4,4,2,4,3,3,1,2,1,1,"57,3529411764706",par
609,1,4,4,1,1,4,4,4,0,#¡DIV/0!,1,0,1,4,2,1,1,#¡DIV/0!,par
610,1,3,4,1,1,4,4,4,0,2,1,3,3,3,2,1,1,"55,8823529411765",par
611,1,3,1,3,1,4,4,4,0,2,4,3,1,1,2,1,1,"52,9411764705882",par
615,1,4,1,1,1,4,4,4,0,2,4,3,2,1,2,1,1,"52,9411764705882",par
616,1,4,4,3,1,4,4,4,0,2,1,1,2,3,1,1,1,"54,4117647058823",par
618,4,1,1,3,2,4,1,4,0,2,4,4,4,1,2,1,1,"57,3529411764706",par
620,2,2,1,3,4,4,1,4,4,2,1,3,3,1,2,1,1,"57,3529411764706",par
621,1,4,1,4,4,4,4,4,4,2,4,4,2,1,2,1,1,"69,1176470588235",par
622,1,4,1,4,4,4,4,4,4,2,4,3,2,1,2,1,1,"67,6470588235294",par
623,1,2,1,3,2,4,1,4,4,2,4,1,3,1,2,1,1,"54,4117647058823",par
624,1,4,1,1,1,4,4,4,0,2,4,3,2,1,2,1,1,"52,9411764705882",par
625,1,4,1,1,4,4,4,4,4,2,1,1,3,1,2,1,1,"57,3529411764706",par
627,2,3,1,4,4,4,4,4,0,2,4,4,3,1,3,4,1,"70,5882352941177",par
633,1,3,1,4,4,4,1,4,4,2,2,3,3,1,2,1,1,"60,2941176470588",par
638,1,3,1,4,4,4,1,4,4,2,4,1,3,1,2,1,1,"60,2941176470588",par
639,1,1,1,3,1,2,1,4,4,2,4,1,2,1,2,1,1,"47,0588235294118",par
640,1,4,1,1,1,4,4,4,0,2,4,3,3,1,2,1,1,"54,4117647058823",par
643,1,4,1,4,2,4,1,4,4,2,1,3,2,2,2,1,1,"57,3529411764706",par
647,1,2,1,3,1,4,4,4,4,2,4,4,2,1,2,1,1,"60,2941176470588",par
648,1,4,4,1,1,4,4,4,4,2,1,4,1,2,2,1,1,"60,2941176470588",par
650,2,4,1,1,4,4,4,4,4,2,1,3,3,1,1,1,1,"60,2941176470588",par
651,3,4,1,3,4,4,4,4,4,2,4,4,3,1,3,3,1,"76,4705882352941",par
655,1,3,1,3,4,4,4,4,4,2,4,4,4,4,2,1,1,"73,5294117647059",par
657,1,2,1,3,4,4,4,4,4,2,1,4,3,1,2,1,1,"61,7647058823529",par
658,1,3,1,3,4,4,1,4,4,2,4,4,2,1,2,3,1,"64,7058823529412",par
660,1,2,1,1,4,4,4,4,4,2,1,1,3,3,3,1,1,"58,8235294117647",par
663,1,4,1,1,1,4,4,4,0,2,1,1,2,2,2,1,1,"47,0588235294118",par
664,1,4,1,3,4,4,4,4,4,2,2,3,3,1,2,1,1,"64,7058823529412",par
668,3,3,1,4,4,4,4,4,4,2,4,3,3,1,2,1,1,"70,5882352941177",par
669,1,4,1,1,4,4,4,4,4,2,2,4,3,1,4,1,1,"66,1764705882353",par
670,3,3,1,3,4,4,1,4,4,2,4,4,3,1,2,1,4,"70,5882352941177",par
671,1,3,1,3,1,4,4,4,4,2,4,4,3,1,2,1,1,"63,2352941176471",par
672,1,3,1,3,4,4,4,4,0,2,4,3,3,1,2,1,1,"60,2941176470588",par
673,1,2,1,3,4,4,1,4,4,2,1,1,3,3,4,3,1,"61,7647058823529",par
675,3,3,1,3,4,4,1,4,4,2,1,1,3,1,2,2,1,"58,8235294117647",par
676,1,1,1,1,4,4,1,4,4,2,4,3,3,1,2,3,1,"58,8235294117647",par
684,1,2,1,3,2,4,4,4,0,2,4,3,2,1,2,1,1,"54,4117647058823",par
685,4,3,1,3,4,2,4,4,4,2,2,1,3,1,4,2,1,"66,1764705882353",par
691,1,3,1,1,2,4,4,4,4,2,1,3,2,2,2,1,1,"55,8823529411765",par
692,1,3,1,4,4,4,4,4,4,2,1,4,3,1,2,1,1,"64,7058823529412",par
693,1,2,1,1,4,2,1,4,4,2,4,1,1,1,2,1,1,"48,5294117647059",par
694,1,2,1,1,2,4,1,4,4,2,1,1,3,3,3,1,1,"51,4705882352941",par
696,1,4,1,1,4,4,4,4,0,2,1,4,3,1,2,3,1,"58,8235294117647",par
699,1,4,1,3,2,4,4,4,4,2,1,3,1,1,3,2,1,"60,2941176470588",par
700,3,4,1,4,4,4,1,4,4,2,3,3,3,1,4,1,1,"69,1176470588235",par
702,1,3,1,4,1,4,4,4,4,2,1,3,3,1,2,1,1,"58,8235294117647",par
703,1,3,1,1,4,4,1,4,4,2,4,3,3,1,2,4,1,"63,2352941176471",par
704,1,4,1,1,2,4,1,4,4,2,1,3,1,4,2,1,1,"54,4117647058823",par
705,1,3,1,1,2,4,4,4,4,2,1,1,2,3,2,1,1,"54,4117647058823",par
707,1,4,1,3,4,4,4,4,4,2,4,4,4,1,2,1,1,"70,5882352941177",par
710,1,3,1,3,2,4,4,4,4,2,1,1,1,1,3,1,1,"54,4117647058823",par
711,2,4,1,3,4,4,4,4,4,2,2,3,3,1,4,4,1,"73,5294117647059",par
718,1,3,1,4,4,4,4,4,4,2,1,1,3,3,2,1,1,"63,2352941176471",par
719,1,3,1,3,4,4,1,4,4,2,4,3,3,1,2,1,1,"61,7647058823529",par
720,1,1,1,3,4,4,4,4,4,2,4,3,3,1,2,1,1,"63,2352941176471",par
721,3,4,1,1,2,4,1,4,4,2,4,4,3,1,2,1,1,"61,7647058823529",par
722,1,4,1,1,4,4,4,4,4,2,4,3,3,1,2,2,1,"66,1764705882353",par
725,3,3,1,4,4,4,4,4,4,2,4,3,3,1,2,1,1,"70,5882352941177",par
726,1,4,1,3,2,4,4,4,4,2,1,3,2,1,4,1,1,"61,7647058823529",par
733,1,3,1,1,1,4,4,4,4,2,2,4,2,1,2,1,4,"60,2941176470588",par
734,2,3,1,3,4,4,1,4,4,2,4,3,3,1,2,2,1,"64,7058823529412",par
735,1,3,1,3,4,4,4,4,4,2,1,4,3,3,3,2,1,"69,1176470588235",par
739,1,4,1,1,4,4,1,4,4,2,4,3,3,1,2,1,1,"60,2941176470588",par
740,1,1,1,3,4,4,4,4,4,2,4,3,3,1,2,1,1,"63,2352941176471",par
741,1,2,1,4,2,4,1,4,4,2,1,1,2,2,2,1,1,"51,4705882352941",par
742,1,3,1,1,1,4,4,4,4,2,4,3,3,1,2,1,1,"58,8235294117647",par
747,1,2,1,3,1,4,4,4,4,2,4,3,3,1,2,1,1,"60,2941176470588",par
750,1,3,1,3,1,4,1,4,4,2,4,3,3,1,2,1,1,"57,3529411764706",par
752,1,4,1,3,1,4,4,4,4,2,4,3,2,1,2,1,1,"61,7647058823529",par
753,1,3,1,3,4,4,1,4,4,2,1,4,2,3,3,1,1,"61,7647058823529",par
754,1,4,1,3,2,4,4,4,4,2,1,3,3,2,3,2,1,"64,7058823529412",par
755,1,4,1,1,1,4,4,4,4,2,1,4,1,2,2,1,1,"55,8823529411765",par
756,1,3,1,3,1,4,4,4,4,2,4,3,3,1,2,1,1,"61,7647058823529",par
759,1,4,1,1,4,4,1,4,4,2,1,1,1,3,2,1,1,"52,9411764705882",par
760,1,4,1,3,4,4,4,4,0,4,4,3,2,1,2,1,1,"63,2352941176471",par
763,1,4,1,4,4,4,4,4,4,2,4,3,3,1,2,1,1,"69,1176470588235",par
766,1,4,1,1,1,4,1,4,4,2,2,4,3,1,2,1,4,"58,8235294117647",par
771,1,4,1,1,1,4,1,4,4,2,4,3,3,1,2,1,1,"55,8823529411765",par
772,1,4,1,1,1,4,4,4,4,2,4,3,3,1,3,2,1,"63,2352941176471",par
773,1,2,1,3,4,4,1,4,4,2,4,1,4,1,2,1,1,"58,8235294117647",par
774,3,2,1,3,2,4,1,4,4,2,1,3,3,2,3,1,1,"58,8235294117647",par
775,1,2,1,1,1,4,4,4,4,2,1,3,2,2,2,1,1,"52,9411764705882",par
781,1,2,4,1,1,4,4,4,4,2,1,3,1,2,2,1,1,"55,8823529411765",par
785,1,2,1,1,4,4,4,4,4,2,4,3,3,1,2,1,1,"61,7647058823529",par
786,1,2,1,1,2,4,1,4,4,2,4,1,3,1,2,1,1,"51,4705882352941",par
789,1,4,1,1,1,4,1,4,4,2,1,3,1,2,2,1,1,50,par
790,1,4,1,1,1,4,4,4,4,2,4,3,2,1,2,1,1,"58,8235294117647",par
791,3,2,1,4,4,4,1,4,4,2,1,3,3,3,2,1,1,"63,2352941176471",par
792,1,4,1,1,2,4,4,4,0,4,4,3,4,1,2,1,1,"60,2941176470588",par
793,1,3,1,3,2,4,4,4,4,2,4,4,4,1,2,1,4,"70,5882352941177",par
794,1,3,1,3,2,4,4,4,4,2,4,4,4,1,2,1,4,"70,5882352941177",par
795,1,1,1,3,2,4,1,4,4,2,4,3,3,1,2,1,1,"55,8823529411765",par
798,3,4,1,3,2,4,4,4,4,2,1,4,2,1,2,1,1,"63,2352941176471",par
800,1,4,1,1,2,4,1,4,4,2,2,4,3,1,2,1,4,"60,2941176470588",par
806,1,4,1,3,4,4,4,4,4,2,4,4,3,1,3,4,4,"79,4117647058823",par
808,2,4,1,3,2,4,1,4,4,2,1,3,3,2,3,1,1,"60,2941176470588",par
809,1,2,1,3,4,4,1,4,4,2,4,1,1,1,2,1,1,"54,4117647058823",par
810,1,3,1,1,2,4,1,4,4,2,4,3,3,1,2,1,1,"55,8823529411765",par
820,1,4,1,1,2,4,4,4,4,2,1,1,1,2,3,1,1,"54,4117647058823",par
823,1,4,1,3,4,4,4,4,0,2,3,4,3,1,2,4,1,"66,1764705882353",par
831,2,3,1,3,2,3,4,4,4,2,1,3,3,2,3,1,1,"61,7647058823529",par
832,1,4,1,3,2,4,1,4,4,2,1,3,2,3,2,1,1,"57,3529411764706",par
839,1,3,1,3,4,4,4,4,4,2,1,1,1,2,2,1,1,"57,3529411764706",par
840,1,3,1,3,4,4,1,4,4,2,4,3,3,1,2,1,1,"61,7647058823529",par
856,1,4,1,1,4,4,4,4,4,2,2,3,3,3,1,1,1,"63,2352941176471",par
858,2,4,1,1,4,4,4,4,4,2,1,1,3,2,2,1,1,"60,2941176470588",par
863,2,4,1,4,4,4,4,4,4,2,4,4,3,1,3,4,4,"82,3529411764706",par
864,1,3,1,3,2,4,4,4,4,2,4,3,2,1,2,1,1,"61,7647058823529",par
865,1,3,1,4,1,4,4,4,4,2,1,3,3,3,2,1,1,"61,7647058823529",par
866,1,4,1,4,2,4,4,4,0,2,4,3,3,1,2,1,1,"60,2941176470588",par
867,2,1,1,3,2,4,4,4,4,2,4,1,3,1,2,1,1,"58,8235294117647",par
868,1,4,1,3,1,4,4,4,4,2,4,3,3,1,2,1,1,"63,2352941176471",par
872,1,3,1,4,4,4,1,4,4,2,4,4,3,1,2,1,1,"64,7058823529412",par
880,1,4,1,3,2,4,4,4,4,2,1,1,1,1,2,1,1,"54,4117647058823",par
883,2,3,1,4,1,4,4,4,4,2,1,3,3,2,2,2,1,"63,2352941176471",par
886,1,4,1,1,2,4,1,4,4,2,4,3,3,1,2,1,1,"57,3529411764706",par
890,1,3,1,3,4,4,4,4,4,2,4,3,3,1,2,1,1,"66,1764705882353",par
891,1,3,1,3,4,4,4,4,4,2,4,1,3,1,2,1,1,"63,2352941176471",par
896,1,1,1,3,4,4,1,4,4,2,4,3,3,1,2,3,1,"61,7647058823529",par
897,1,3,1,4,2,4,1,4,4,2,4,3,3,1,2,1,1,"60,2941176470588",par
899,1,3,1,3,1,4,1,4,4,2,4,1,2,1,2,1,1,"52,9411764705882",par
904,1,4,1,3,1,4,1,4,4,2,4,3,3,1,2,1,1,"58,8235294117647",par
910,2,3,1,3,2,4,4,4,4,2,1,3,3,2,2,3,1,"64,7058823529412",par
913,1,1,1,1,1,4,4,4,4,2,4,3,3,1,2,1,1,"55,8823529411765",par
915,1,4,1,1,2,4,4,4,4,2,1,1,2,3,2,1,1,"55,8823529411765",par
916,1,3,1,3,2,4,1,4,4,2,4,1,3,2,2,1,1,"57,3529411764706",par
920,1,2,1,4,2,4,4,4,4,2,4,3,4,1,2,1,1,"64,7058823529412",par
932,3,4,1,1,4,4,1,4,4,2,1,1,3,2,3,1,1,"58,8235294117647",par
933,2,4,1,3,2,4,4,4,4,2,2,3,3,3,2,1,1,"66,1764705882353",par
934,1,4,1,1,2,4,4,4,4,2,4,3,3,1,2,1,1,"61,7647058823529",par
935,1,3,1,1,2,4,1,4,4,2,1,1,3,2,2,1,1,50,par
939,2,4,1,4,4,4,4,4,4,2,4,4,4,1,3,4,4,"83,8235294117647",par
940,3,3,1,3,4,4,4,4,4,2,4,1,2,1,2,1,4,"69,1176470588235",par
944,1,2,1,1,1,4,1,4,4,2,4,3,3,1,2,1,1,"52,9411764705882",par
946,2,4,1,3,2,4,4,4,4,2,4,4,4,1,2,1,1,"69,1176470588235",par
947,1,3,1,3,4,4,1,4,4,2,4,3,3,1,2,1,1,"61,7647058823529",par
949,2,3,1,3,4,4,1,4,4,2,4,3,3,1,2,1,1,"63,2352941176471",par
953,1,3,1,4,4,4,4,4,4,2,1,3,3,2,2,1,1,"64,7058823529412",par
957,1,4,1,1,2,4,4,4,0,4,4,4,2,1,2,1,1,"58,8235294117647",par
958,1,3,1,1,4,4,4,4,4,2,2,3,3,3,2,1,1,"63,2352941176471",par
963,2,2,1,4,1,2,1,4,4,2,4,3,3,1,2,1,1,"55,8823529411765",par
964,1,2,1,3,4,4,4,4,4,2,4,3,3,1,2,2,4,"70,5882352941177",par
965,1,3,1,1,4,4,1,4,4,2,4,3,3,1,2,1,1,"58,8235294117647",par
967,3,4,1,3,4,4,4,4,4,2,1,4,2,1,3,1,1,"67,6470588235294",par
968,3,4,1,4,4,4,4,4,4,2,4,4,3,1,2,1,1,"73,5294117647059",par
976,1,4,1,4,4,4,4,4,4,2,4,4,4,1,3,4,4,"82,3529411764706",par
984,1,1,1,3,4,4,1,4,4,2,4,3,3,2,2,2,1,"61,7647058823529",par
988,3,3,4,1,1,4,4,4,4,2,1,1,3,3,2,1,1,"61,7647058823529",par
989,1,3,1,1,2,4,4,4,4,2,4,1,3,1,2,1,1,"57,3529411764706",par
991,2,4,1,1,2,4,1,4,4,2,4,3,2,1,2,1,1,"57,3529411764706",par
992,3,4,1,1,4,2,1,4,4,2,4,3,3,1,2,1,1,"60,2941176470588",par
993,3,4,1,3,4,4,4,4,4,2,4,3,4,1,2,1,1,"72,0588235294118",par
1008,1,4,1,4,4,4,4,4,4,2,4,4,4,1,3,4,4,"82,3529411764706",par
1010,2,4,1,1,2,4,4,4,4,2,4,4,4,2,2,1,1,"67,6470588235294",par
1011,1,3,1,1,2,3,1,4,4,2,1,1,2,1,2,1,1,"45,5882352941176",par
1012,2,1,1,3,2,4,4,4,4,2,4,3,2,1,2,1,1,"60,2941176470588",par
1013,2,3,1,1,1,4,1,4,4,2,1,1,3,1,2,1,1,"48,5294117647059",par
1018,4,4,1,1,2,3,4,4,4,2,1,3,3,1,2,1,4,"64,7058823529412",par
1019,2,4,1,3,4,4,4,4,4,2,2,4,3,1,2,1,1,"67,6470588235294",par
1020,1,4,1,1,2,4,1,4,4,2,2,3,3,3,2,1,1,"57,3529411764706",par
1021,1,4,1,1,2,4,4,4,4,2,4,3,3,1,2,2,1,"63,2352941176471",par
1024,3,3,1,1,1,3,4,4,4,2,4,1,3,1,2,1,1,"57,3529411764706",par
1031,3,3,1,1,4,4,4,4,4,2,4,4,4,1,2,3,4,"76,4705882352941",par
1033,4,2,1,1,2,3,4,4,4,2,1,1,3,2,3,1,1,"57,3529411764706",par
1034,2,4,1,3,4,3,4,4,4,2,2,4,3,1,2,1,1,"66,1764705882353",par
1035,2,3,1,3,4,2,4,4,4,2,4,3,3,1,2,1,1,"64,7058823529412",par
1036,2,4,1,1,4,4,1,4,4,2,4,1,2,1,2,1,1,"57,3529411764706",par
1052,2,3,1,3,4,2,1,4,4,2,4,3,3,1,2,1,1,"60,2941176470588",par
1061,2,3,1,3,1,4,4,4,4,2,1,1,3,3,2,1,1,"58,8235294117647",par
1062,1,4,1,3,2,4,4,4,4,2,1,1,1,2,2,1,1,"55,8823529411765",par
1063,3,4,1,1,1,1,1,4,4,2,1,3,3,2,2,1,1,"51,4705882352941",par
1064,1,3,1,3,2,4,4,4,0,2,4,3,2,1,2,1,1,"55,8823529411765",par
1066,2,3,1,3,4,4,1,4,4,2,4,3,3,1,2,1,1,"63,2352941176471",par
1067,2,3,1,4,4,4,1,4,4,2,4,3,2,1,2,1,1,"63,2352941176471",par
1071,2,4,4,3,2,4,4,4,4,2,2,3,3,3,2,1,1,"70,5882352941177",par
1083,1,4,1,4,4,4,1,4,4,2,4,4,4,1,3,4,4,"77,9411764705882",par
1087,2,4,1,1,4,4,4,4,4,4,4,4,3,1,2,1,1,"70,5882352941177",par
1088,1,1,1,3,2,4,4,4,4,2,4,1,2,1,2,1,1,"55,8823529411765",par
1089,1,1,1,3,1,4,4,4,4,2,4,3,3,1,2,1,1,"58,8235294117647",par
1090,1,3,4,3,1,3,4,4,4,2,1,3,3,2,2,1,1,"61,7647058823529",par
1097,2,4,1,3,4,4,1,4,4,2,2,4,3,1,2,1,1,"63,2352941176471",par
1098,3,2,1,1,2,4,1,4,4,2,4,1,2,1,2,1,1,"52,9411764705882",par
1102,1,3,1,3,4,4,1,4,4,2,4,1,2,1,2,3,1,"60,2941176470588",par
1111,3,2,1,3,1,4,1,4,4,2,2,3,3,1,2,1,1,"55,8823529411765",par
1113,1,4,1,3,2,4,4,4,4,2,4,3,4,1,2,1,1,"66,1764705882353",par
1114,1,4,1,3,1,4,4,4,4,2,1,1,3,2,2,1,1,"57,3529411764706",par
1116,3,3,1,1,4,2,4,4,4,2,4,4,2,1,2,1,1,"63,2352941176471",par
1117,2,3,1,3,4,4,1,4,4,2,4,3,2,1,2,2,1,"63,2352941176471",par
1124,1,4,1,4,4,4,4,4,4,2,4,4,4,1,3,4,4,"82,3529411764706",par
1125,1,4,1,1,4,4,4,4,4,2,4,4,3,1,3,2,1,"69,1176470588235",par
1128,2,4,1,1,2,4,4,4,4,2,2,3,3,3,2,1,1,"63,2352941176471",par
1129,1,3,1,1,2,4,4,4,4,2,1,3,3,2,2,1,1,"57,3529411764706",par
1135,2,3,1,1,4,3,4,4,4,2,4,4,3,1,3,3,1,"69,1176470588235",par
1136,2,3,1,1,2,4,1,4,4,2,1,1,3,2,2,1,1,"51,4705882352941",par
1137,1,4,1,3,2,4,4,4,4,2,1,3,2,1,2,1,1,"58,8235294117647",par
1138,2,2,4,3,1,4,4,4,4,2,1,3,3,2,1,1,1,"61,7647058823529",par
1140,2,4,1,3,4,4,1,4,4,2,4,1,3,1,1,1,1,"60,2941176470588",par
1141,3,2,1,1,4,2,4,4,4,2,4,3,2,1,2,1,1,"60,2941176470588",par
1152,1,4,1,4,4,4,4,4,0,2,4,4,4,1,3,4,4,"76,4705882352941",par
1156,2,3,1,1,2,4,1,4,4,2,4,3,3,1,2,1,1,"57,3529411764706",par
1158,2,4,1,3,4,4,4,4,4,2,3,4,3,1,2,1,1,"69,1176470588235",par
1160,3,2,1,3,1,4,4,4,4,2,4,3,3,1,2,1,1,"63,2352941176471",par
1161,2,4,1,1,1,4,4,4,4,2,1,1,3,2,2,1,1,"55,8823529411765",par
1165,1,4,1,1,1,4,1,4,4,2,4,4,2,1,1,1,1,"54,4117647058823",par
1166,1,1,1,3,1,4,4,4,0,2,4,3,1,1,2,1,1,50,par
1167,1,1,1,4,2,4,4,4,0,2,4,3,2,4,2,1,1,"58,8235294117647",par
1175,1,4,1,1,2,4,1,4,4,2,1,4,2,3,2,1,1,"55,8823529411765",par
1176,1,4,4,1,1,4,1,4,4,2,2,3,3,3,2,1,1,"60,2941176470588",par
1185,1,4,1,1,4,4,1,4,4,2,1,3,2,3,3,1,1,"58,8235294117647",par
1186,1,2,1,3,4,2,4,4,4,2,4,4,3,1,2,2,1,"64,7058823529412",par
1190,3,4,1,4,4,4,4,4,4,2,4,4,2,1,2,1,1,"72,0588235294118",par
1191,3,4,1,1,4,4,1,4,4,2,1,3,1,1,2,1,1,"55,8823529411765",par
1192,3,2,1,1,1,4,4,4,4,2,4,3,3,1,2,1,1,"60,2941176470588",par
1193,1,3,1,3,1,4,1,4,4,2,1,1,1,2,2,1,1,"48,5294117647059",par
1206,1,2,1,1,2,4,4,4,4,2,4,3,3,1,2,1,1,"58,8235294117647",par
1207,2,2,1,1,4,4,4,4,4,2,4,4,3,1,1,1,1,"63,2352941176471",par
1215,1,4,4,1,2,4,1,4,4,2,1,4,3,2,2,1,1,"60,2941176470588",par
1216,2,2,4,1,1,3,4,4,4,2,1,3,2,2,2,1,1,"57,3529411764706",par
1220,1,4,1,1,4,4,4,4,4,2,4,4,3,1,2,1,1,"66,1764705882353",par
1222,1,4,1,4,1,4,4,4,4,2,1,3,3,3,2,3,1,"66,1764705882353",par
1223,1,4,1,1,1,4,4,4,4,2,1,3,1,2,2,1,1,"54,4117647058823",par
1224,1,2,1,1,2,4,1,4,0,2,4,1,2,1,2,2,1,"45,5882352941176",par
1229,1,3,1,3,2,4,4,4,4,2,1,4,3,1,2,1,1,"60,2941176470588",par
1230,2,4,1,3,4,4,4,4,4,2,4,3,3,1,2,3,1,"72,0588235294118",par
1231,2,2,1,1,2,1,4,4,0,2,4,3,2,1,2,1,1,"48,5294117647059",par
1235,1,4,1,1,2,4,4,4,0,2,4,4,3,1,2,1,1,"57,3529411764706",par
1237,1,2,1,1,1,4,1,4,0,2,4,1,3,1,2,1,1,"44,1176470588235",par
1245,1,4,1,3,1,4,4,4,4,2,2,3,3,3,2,1,1,"63,2352941176471",par
1251,1,4,1,3,2,4,1,4,4,2,1,3,3,1,2,1,1,"55,8823529411765",par
1252,2,4,1,4,4,3,1,4,4,2,4,3,3,1,2,3,1,"67,6470588235294",par
1253,2,4,1,3,2,4,4,4,4,2,1,3,3,1,2,1,1,"61,7647058823529",par
1254,1,2,1,1,2,4,1,4,4,2,4,1,3,1,2,2,1,"52,9411764705882",par
1267,1,2,1,3,2,4,4,4,4,2,3,4,3,1,2,1,1,"61,7647058823529",par
1276,3,2,1,3,2,4,4,4,4,2,4,3,4,1,2,1,1,"66,1764705882353",par
1277,2,3,1,3,1,4,4,4,4,2,4,3,1,1,2,1,1,"60,2941176470588",par
1285,1,1,1,1,1,4,4,4,0,2,4,1,2,1,2,1,1,"45,5882352941176",par
1300,1,2,1,1,1,1,1,4,4,2,4,1,3,1,2,1,1,"45,5882352941176",par
1301,3,2,1,3,2,4,1,4,4,2,4,3,3,1,2,1,1,"60,2941176470588",par
1302,2,2,1,3,1,4,1,4,4,2,4,3,2,2,2,1,1,"57,3529411764706",par
1303,3,1,1,3,1,4,4,4,0,2,4,3,3,1,2,1,1,"55,8823529411765",par
1306,1,2,1,1,1,4,1,4,0,2,4,1,2,1,2,1,1,"42,6470588235294",par
1307,1,4,1,1,1,4,4,4,4,2,4,1,2,1,2,1,1,"55,8823529411765",par
1314,1,4,1,1,2,2,4,4,4,2,4,3,3,1,2,1,1,"58,8235294117647",par
1315,1,3,1,1,2,4,4,4,4,2,4,1,2,1,2,1,1,"55,8823529411765",par
1321,1,3,1,3,2,4,4,4,4,2,2,3,2,3,2,1,1,"61,7647058823529",par
1322,2,4,1,3,1,4,1,4,4,2,1,3,2,1,1,1,1,"52,9411764705882",par
1323,1,3,1,1,1,4,1,4,4,2,4,1,2,1,2,1,1,50,par
1324,3,4,4,3,1,4,4,4,4,2,1,1,3,3,2,1,1,"66,1764705882353",par
1325,2,3,1,1,1,4,4,4,4,2,4,1,3,1,2,1,1,"57,3529411764706",par
1326,1,2,1,1,1,4,1,4,4,2,4,3,2,1,2,1,1,"51,4705882352941",par
1327,1,2,1,1,1,4,1,4,4,2,4,3,2,1,2,1,1,"51,4705882352941",par
1330,1,1,1,1,1,4,4,4,0,2,1,1,2,1,2,1,1,"41,1764705882353",par
1344,1,4,1,1,2,4,4,4,4,2,1,4,4,1,3,1,1,"61,7647058823529",par
1345,1,3,1,1,2,4,4,4,4,2,4,3,2,1,2,1,1,"58,8235294117647",par
1347,2,3,1,1,1,2,4,4,0,2,1,1,3,1,2,1,1,"44,1176470588235",par
1353,1,3,1,1,1,4,4,4,4,2,4,4,3,1,2,1,1,"60,2941176470588",par
1354,1,1,1,4,1,4,4,4,4,2,1,1,2,1,2,1,1,"51,4705882352941",par
1368,1,1,1,1,1,4,4,4,4,2,4,1,3,1,2,1,1,"52,9411764705882",par
1379,1,4,1,4,4,4,4,4,0,2,4,4,2,1,2,1,1,"63,2352941176471",par
1381,4,4,1,4,1,4,4,4,4,2,2,3,2,2,2,1,1,"66,1764705882353",par
1382,1,4,1,4,2,4,4,4,4,2,4,4,3,2,2,1,1,"69,1176470588235",par
1383,2,3,1,1,1,4,1,4,4,2,4,1,3,1,2,1,1,"52,9411764705882",par
1384,1,2,1,1,1,4,1,4,4,2,4,1,3,1,2,1,1,50,par
1387,1,3,1,1,1,2,1,4,0,2,4,1,1,1,2,1,1,"39,7058823529412",par
1388,1,2,1,1,1,4,4,4,0,2,4,1,2,1,2,1,1,"47,0588235294118",par
1396,1,2,1,1,1,4,1,4,4,2,4,3,3,1,2,1,1,"52,9411764705882",par
1397,1,3,1,1,1,4,1,4,0,2,4,1,2,1,2,1,1,"44,1176470588235",par
1409,2,4,4,4,2,4,1,4,4,2,1,1,2,2,2,1,1,"60,2941176470588",par
1410,2,3,1,3,4,4,1,4,4,2,4,3,2,1,2,1,1,"61,7647058823529",par
1413,3,3,1,1,2,2,4,4,4,2,1,3,3,4,2,1,1,"60,2941176470588",par
1414,1,4,1,3,2,2,4,4,4,2,4,3,3,1,2,1,1,"61,7647058823529",par
1424,2,4,1,1,4,4,4,4,4,2,3,4,3,1,2,1,4,"70,5882352941177",par
1425,2,2,1,1,2,4,1,4,4,2,1,3,2,1,2,1,1,50,par
1426,3,4,1,1,2,4,4,4,0,2,4,3,2,1,3,1,1,"58,8235294117647",par
1429,3,2,1,1,1,4,1,4,4,2,2,1,2,1,2,1,1,"48,5294117647059",par
1430,1,2,1,4,2,4,4,4,4,2,1,3,3,1,2,1,1,"58,8235294117647",par
1431,2,3,1,3,4,4,4,4,0,2,4,3,3,1,2,1,1,"61,7647058823529",par
1434,2,4,1,3,1,4,1,4,4,2,4,1,3,1,2,1,1,"57,3529411764706",par
1436,1,4,1,1,1,1,1,4,0,2,4,1,2,3,2,1,1,"44,1176470588235",par
1438,1,2,1,3,1,4,4,4,4,2,4,3,2,1,2,1,1,"58,8235294117647",par
1446,3,3,1,1,1,4,4,4,4,2,4,3,2,1,2,1,1,"60,2941176470588",par
1447,1,3,4,1,1,4,1,4,0,2,1,3,2,3,2,1,1,50,par
1453,3,4,1,3,2,4,4,4,4,2,4,4,3,1,2,1,1,"69,1176470588235",par
1454,1,1,1,4,2,4,4,4,4,2,4,3,3,1,2,1,1,"61,7647058823529",par
1459,1,3,1,1,2,4,4,4,0,2,4,3,3,1,2,1,4,"58,8235294117647",par
1462,2,4,1,1,2,4,4,4,4,2,1,3,3,3,2,1,1,"61,7647058823529",par
1463,1,3,1,1,2,4,4,4,4,2,1,1,3,3,2,1,1,"55,8823529411765",par
1464,2,2,1,1,2,2,1,4,4,2,4,3,3,1,2,1,1,"52,9411764705882",par
1465,1,4,1,1,1,4,1,4,0,2,1,1,2,3,2,1,1,"44,1176470588235",par
1467,1,3,1,3,2,4,4,4,0,2,4,3,2,1,2,1,1,"55,8823529411765",par
1472,3,1,1,3,2,4,1,4,4,2,1,1,2,1,2,1,1,50,par
1473,1,4,1,1,1,4,1,4,4,2,1,3,2,1,2,1,1,50,par
1481,3,4,4,4,1,4,1,4,4,2,1,3,3,2,2,1,1,"64,7058823529412",par
1482,1,3,1,3,1,4,4,4,4,2,4,3,4,1,2,1,1,"63,2352941176471",par
1490,1,4,1,3,4,4,4,4,4,2,4,4,3,1,2,1,1,"69,1176470588235",par
1491,1,4,4,1,1,4,4,4,4,2,1,3,2,2,2,1,1,"60,2941176470588",par
1492,1,4,1,3,2,4,1,4,4,2,1,3,2,1,2,2,1,"55,8823529411765",par
1496,1,3,1,1,1,4,4,4,4,2,4,1,3,1,2,1,1,"55,8823529411765",par
1497,1,3,1,1,1,4,1,4,0,2,4,3,2,1,2,1,1,"47,0588235294118",par
1498,1,3,4,3,1,4,4,4,4,2,1,3,1,1,2,1,1,"58,8235294117647",par
1502,2,4,1,3,2,4,4,4,4,2,4,4,4,1,2,1,1,"69,1176470588235",par
1503,1,4,1,3,1,4,4,4,0,2,4,4,3,1,2,1,4,"63,2352941176471",par
1508,1,3,1,1,4,4,4,4,4,2,1,3,3,3,2,1,1,"61,7647058823529",par
1510,1,1,1,1,1,1,1,4,4,2,4,1,2,1,2,1,1,"42,6470588235294",par
1512,3,4,1,3,1,4,4,4,4,2,4,3,2,1,2,1,1,"64,7058823529412",par
1513,1,3,1,1,1,4,4,4,0,2,1,3,2,1,2,1,1,"47,0588235294118",par
1525,1,3,1,1,1,4,1,4,4,2,4,3,2,1,2,1,1,"52,9411764705882",par
1526,1,4,1,1,1,4,1,4,4,2,1,1,3,3,2,1,1,"51,4705882352941",par
1527,2,4,4,1,4,4,1,4,0,2,1,1,3,3,2,1,1,"55,8823529411765",par
1528,1,2,4,3,1,4,4,4,0,2,1,3,2,1,2,1,1,"52,9411764705882",par
1531,1,3,1,1,1,4,4,4,4,2,4,3,3,1,2,1,1,"58,8235294117647",par
1540,3,4,4,3,1,4,1,4,4,2,1,3,3,3,2,1,1,"64,7058823529412",par
1541,1,4,1,1,1,4,4,4,0,2,1,1,2,1,2,1,1,"45,5882352941176",par
1550,2,3,1,4,2,4,4,4,4,2,4,4,3,1,2,1,1,"67,6470588235294",par
1563,2,3,1,4,1,4,1,4,4,2,4,1,2,1,2,1,1,"55,8823529411765",par
1570,1,4,1,1,2,3,4,4,4,2,4,3,2,2,2,1,1,"60,2941176470588",par
1584,1,2,4,3,4,4,1,4,4,2,1,1,3,3,2,1,1,"60,2941176470588",par
1593,4,4,4,3,2,4,4,4,0,2,1,3,2,3,2,1,1,"64,7058823529412",par
